Zeitstempel;Market/contact;norm_name;Filename;Assessed level;Date of pic;Time;Skip #;;;;;;
9.26.2023 10:46:24;Limbe flea market;limbe flea market;WhatsApp Image 2023-09-26 at 10.00.18.jpg;4;26.09.2023;10:00:00;;;;;Limbe flea market;;limbe flea market
9.26.2023 10:47:05;Limbe produce market;limbe produce market;WhatsApp Image 2023-09-26 at 10.10.57.jpg;5;26.09.2023;10:10:00;1;;;;Limbe produce market;;limbe produce market
9.26.2023 10:47:28;Limbe produce market;limbe produce market;WhatsApp Image 2023-09-26 at 10.10.57.jpg;5;26.09.2023;10:10:00;2;;;;Pafumbi bus;;pafumbi bus
9.26.2023 10:47:59;Pafumbi bus;pafumbi bus;WhatsApp Image 2023-09-26 at 10.20.52.jpg;0;26.09.2023;10:20:00;;;;;ITG;;ITG
9.26.2023 10:48:31;ITG;ITG;WhatsApp Image 2023-09-26 at 10.37.54.jpg;3;26.09.2023;10:37:00;1;;;;Ndirande;;ndirande
9.26.2023 10:48:56;ITG;ITG;WhatsApp Image 2023-09-26 at 10.37.54.jpg;4;26.09.2023;10:37:00;2;;;;Blantyre;;blantyre produce market
9.26.2023 10:50:06;Ndirande;ndirande;WhatsApp Image 2023-09-26 at 10.10.51.jpg;5;26.09.2023;10:10:00;1;;;;Chemusa;;chemusa
9.26.2023 10:50:41;Ndirande;ndirande;WhatsApp Image 2023-09-26 at 10.11.06.jpg;1;26.09.2023;10:11:00;2;;;;Kachere;;kachere
9.26.2023 10:51:12;Blantyre;blantyre produce market;WhatsApp Image 2023-09-26 at 08.15.45.jpg;5;26.09.2023;08:15:00;;;;;South Lunzu;;south lunzu
9.26.2023 10:51:54;Chemusa;chemusa;WhatsApp Image 2023-09-26 at 08.51.40.jpg;4;26.09.2023;08:51:00;;;;;Nkolokoti;;nkolokoti
9.26.2023 10:53:18;Kachere;kachere;WhatsApp Image 2023-09-26 at 10.28.38.jpg;5;26.09.2023;10:28:00;;;;;Zingwangwa mosque;;zingwangwa mosque
9.26.2023 18:19:16;Kachere;kachere;WhatsApp Image 2023-09-26 at 16.25.06.jpg;0;26.09.2023;16:25:00;;;;;Kamba/Soche market;;kamba/soche market
9.27.2023 14:32:04;South Lunzu;south lunzu;WhatsApp Image 2023-09-27 at 08.17.24.jpg;5;27.09.2023;08:17:00;;;;;Zingwangwa;;zingwangwa/thawale
9.27.2023 14:33:05;Chemusa;chemusa;WhatsApp Image 2023-09-27 at 08.23.11.jpg;5;27.09.2023;08:23:00;;;;;Chilobwe police;;chilobwe police
9.27.2023 14:33:53;Nkolokoti;nkolokoti;WhatsApp Image 2023-09-27 at 10.42.25.jpg;4;27.09.2023;10:42:00;;;;;Zingwangwa waterboard;;zingwangwa waterboard
9.27.2023 14:34:37;Ndirande;ndirande;WhatsApp Image 2023-09-27 at 10.43.20.jpg;3;27.09.2023;10:43:00;1;;;;Queens guardian shelter;;queens guardian shelter
9.27.2023 14:35:34;Ndirande;ndirande;WhatsApp Image 2023-09-27 at 10.43.31.jpg;4;27.09.2023;10:43:00;2;;;;Nthukwa;;nthukwa
9.27.2023 14:36:15;Kachere;kachere;WhatsApp Image 2023-09-27 at 10.45.45.jpg;1;27.09.2023;10:45:00;;;;;Blantyre Flea Market;;blantyre flea market
9.27.2023 14:37:05;Limbe flea market;limbe flea market;WhatsApp Image 2023-09-27 at 10.02.46.jpg;4;27.09.2023;10:02:00;;;;;Mibawa;;mibawa
9.27.2023 14:37:42;Limbe produce market;limbe produce market;WhatsApp Image 2023-09-27 at 10.23.39.jpg;4;27.09.2023;10:23:00;1;;;;Chilomoni market;;chilomoni market
9.27.2023 14:38:15;Limbe produce market;limbe produce market;WhatsApp Image 2023-09-27 at 10.23.39.jpg;3;27.09.2023;10:23:00;2;;;;Manase;;manase
9.27.2023 14:39:18;Pafumbi bus;pafumbi bus;WhatsApp Image 2023-09-27 at 10.32.15.jpg;2;27.09.2023;10:32:00;;;;;Namwalimwe;;namwalimwe
9.27.2023 14:39:46;ITG;ITG;WhatsApp Image 2023-09-27 at 10.43.42.jpg;4;27.09.2023;10:43:00;1;;;;Chilomoni Fargo;;chilomoni fargo
9.27.2023 14:40:12;ITG;ITG;WhatsApp Image 2023-09-27 at 10.43.42.jpg;4;27.09.2023;10:43:00;2;;;;;;
9.27.2023 14:41:23;Zingwangwa mosque;zingwangwa mosque;WhatsApp Image 2023-09-27 at 07.55.25.jpg;5;27.09.2023;07:55:00;;;;;;;
9.27.2023 14:42:04;Blantyre;blantyre produce market;WhatsApp Image 2023-09-27 at 09.04.06.jpg;5;27.09.2023;09:04:00;;;;;;;
9.27.2023 14:43:01;Kamba/Soche market;kamba/soche market;WhatsApp Image 2023-09-27 at 08.33.05.jpg;3;27.09.2023;08:33:00;;;;;;;
9.27.2023 14:43:56;Zingwangwa;zingwangwa/thawale;WhatsApp Image 2023-09-27 at 08.36.58.jpg;5;27.09.2023;08:36:00;;;;;;;
9.27.2023 14:45:36;Zingwangwa mosque;zingwangwa mosque;WhatsApp Image 2023-09-27 at 09.43.29.jpg;2;27.09.2023;09:43:00;;;;;;;
9.27.2023 14:46:44;Chilobwe police;chilobwe police;WhatsApp Image 2023-09-27 at 08.34.36.jpg;4;27.09.2023;08:34:00;;;;;;;
9.27.2023 18:31:29;South Lunzu;south lunzu;WhatsApp Image 2023-09-27 at 16.56.28.jpg;5;27.09.2023;16:59:00;;;;;;;
9.28.2023 6:33:15;Kamba/Soche market;kamba/soche market;WhatsApp Image 2023-09-27 at 19.35.41.jpg;4;27.09.2023;17:00:00;;;;;;;
9.28.2023 6:36:21;Zingwangwa;zingwangwa/thawale;WhatsApp Image 2023-09-27 at 19.38.15.jpg;5;27.09.2023;17:00:00;;;;;;;
9.28.2023 18:20:56;Chilobwe police;chilobwe police;WhatsApp Image 2023-09-28 at 08.04.56.jpg;3;28.09.2023;08:04:00;;;;;;;
9.28.2023 18:22:13;Zingwangwa mosque;zingwangwa mosque;WhatsApp Image 2023-09-28 at 07.58.12.jpg;0;28.09.2023;07:58:00;;;;;;;
9.28.2023 18:24:27;Zingwangwa waterboard;zingwangwa waterboard;WhatsApp Image 2023-09-28 at 08.47.02.jpg;2;28.09.2023;08:47:00;;;;;;;
9.28.2023 18:25:44;Ndirande;ndirande;WhatsApp Image 2023-09-28 at 11.11.56.jpg;3;28.09.2023;11:11:00;1;;;;;;
9.28.2023 18:26:08;Ndirande;ndirande;;4;28.09.2023;11:11:00;2;;;;;;
9.28.2023 18:27:15;Blantyre;blantyre produce market;WhatsApp Image 2023-09-28 at 08.19.14.jpg;5;28.09.2023;08:19:00;;;;;;;
9.28.2023 18:27:52;Limbe flea market;limbe flea market;WhatsApp Image 2023-09-28 at 10.59.48.jpg;4;28.09.2023;10:59:00;;;;;;;
9.28.2023 18:28:30;Limbe produce market;limbe produce market;WhatsApp Image 2023-09-28 at 11.12.28.jpg;5;28.09.2023;11:12:00;1;;;;;;
9.28.2023 18:29:12;Limbe produce market;limbe produce market;WhatsApp Image 2023-09-28 at 11.12.28.jpg;4;28.09.2023;11:12:00;2;;;;;;
9.28.2023 18:30:01;Pafumbi bus;pafumbi bus;WhatsApp Image 2023-09-28 at 11.18.23.jpg;3;28.09.2023;11:18:00;;;;;;;
9.28.2023 18:30:32;ITG;ITG;WhatsApp Image 2023-09-28 at 11.30.11.jpg;4;28.09.2023;11:30:00;1;;;;;;
9.28.2023 18:31:10;ITG;ITG;WhatsApp Image 2023-09-28 at 11.30.11.jpg;1;28.09.2023;11:30:00;2;;;;;;
9.28.2023 18:32:32;Zingwangwa;zingwangwa/thawale;WhatsApp Image 2023-09-28 at 08.59.57.jpg;5;28.09.2023;08:59:00;;;;;;;
9.28.2023 18:33:27;Kamba/Soche market;kamba/soche market;WhatsApp Image 2023-09-28 at 09.06.19.jpg;4;28.09.2023;09:06:00;;;;;;;
9.28.2023 18:34:29;Chemusa;chemusa;WhatsApp Image 2023-09-28 at 09.01.19.jpg;5;28.09.2023;09:01:00;;;;;;;
9.28.2023 18:36:35;South Lunzu;south lunzu;WhatsApp Image 2023-09-27 at 08.17.22.jpg;5;28.09.2023;13:34:00;;;;;;;
9.28.2023 18:37:31;Kachere;kachere;WhatsApp Image 2023-09-28 at 10.04.39.jpg;2;28.09.2023;10:04:00;;;;;;;
9.28.2023 18:38:04;Kachere;kachere;WhatsApp Image 2023-09-28 at 16.29.58.jpg;2;28.09.2023;16:29:00;;;;;;;
9.28.2023 18:39:17;Nkolokoti;nkolokoti;WhatsApp Image 2023-09-28 at 18.38.51.jpg;4;28.09.2023;17:48:00;;;;;;;
9.28.2023 19:03:47;Zingwangwa;zingwangwa/thawale;WhatsApp Image 2023-09-28 at 19.02.05.jpg;2;28.09.2023;17:00:00;;;;;;;
9.28.2023 19:04:49;Zingwangwa waterboard;zingwangwa waterboard;WhatsApp Image 2023-09-27 at 09.43.29.jpg;2;28.09.2023;09:43:00;;;;;;;
9.28.2023 19:06:43;Queens guardian shelter;queens guardian shelter;WhatsApp Image 2023-09-28 at 19.05.54.jpg;0;28.09.2023;09:54:00;;;;;;;
9.29.2023 11:57:23;Nthukwa;nthukwa;WhatsApp Image 2023-09-29 at 06.26.00.jpg;5;29.09.2023;06:26:00;;;;;;;
9.29.2023 12:00:16;Zingwangwa mosque;zingwangwa mosque;WhatsApp Image 2023-09-29 at 07.35.03.jpg;1;29.09.2023;07:35:00;;;;;;;
9.29.2023 12:02:22;Chilobwe police;chilobwe police;WhatsApp Image 2023-09-29 at 07.39.30.jpg;3;29.09.2023;07:39:00;;;;;;;
9.29.2023 12:03:27;Blantyre Flea Market;blantyre flea market;WhatsApp Image 2023-09-29 at 07.51.56.jpg;4;29.09.2023;07:51:00;;;;;;;
9.29.2023 12:04:15;Mibawa;mibawa;WhatsApp Image 2023-09-29 at 07.52.40.jpg;2;29.09.2023;07:52:00;;;;;;;
9.29.2023 12:06:09;Kachere;kachere;WhatsApp Image 2023-09-29 at 08.04.52.jpg;3;29.09.2023;08:04:00;;;;;;;
9.29.2023 12:07:34;Chilomoni market;chilomoni market;WhatsApp Image 2023-09-29 at 08.53.23.jpg;5;29.09.2023;08:53:00;;;;;;;
9.29.2023 12:09:22;Blantyre;blantyre produce market;WhatsApp Image 2023-09-29 at 08.57.43.jpg;5;29.09.2023;08:58:00;;;;;;;
9.29.2023 12:11:28;Manase;manase;WhatsApp Image 2023-09-29 at 09.31.42.jpg;4;29.09.2023;09:31:00;;;;;;;
9.29.2023 12:13:00;South Lunzu;south lunzu;WhatsApp Image 2023-09-28 at 19.31.51.jpg;0;28.09.2023;19:31:00;;;;;;;
9.29.2023 12:14:23;South Lunzu;south lunzu;WhatsApp Image 2023-09-29 at 10.00.43.jpg;3;29.09.2023;10:00:00;;;;;;;
9.29.2023 12:16:31;Kamba/Soche market;kamba/soche market;WhatsApp Image 2023-09-29 at 10.08.20.jpg;4;29.09.2023;10:08:00;;;;;;;
9.29.2023 12:17:07;Zingwangwa;zingwangwa/thawale;WhatsApp Image 2023-09-29 at 10.10.11.jpg;4;29.09.2023;10:10:00;;;;;;;
9.29.2023 19:02:54;Zingwangwa waterboard;zingwangwa waterboard;temp.jpg;3;29.09.2023;16:16:00;;;;;;;
9.29.2023 19:03:45;Chilomoni market;chilomoni market;WhatsApp Image 2023-09-29 at 16.23.31.jpg;5;29.09.2023;16:23:00;;;;;;;
9.29.2023 19:05:43;South Lunzu;south lunzu;WhatsApp Image 2023-09-29 at 16.25.18.jpg;3;29.09.2023;16:25:00;;;;;;;
9.29.2023 19:06:29;Kachere;kachere;WhatsApp Image 2023-09-29 at 16.27.51.jpg;2;29.09.2023;16:27:00;;;;;;;
9.29.2023 19:07:53;Nthukwa;nthukwa;WhatsApp Image 2023-09-29 at 17.38.25.jpg;Ambiguous/not overflowing;29.09.2023;17:38:00;;;;;;;
10.01.2023 17:01;Zingwangwa;zingwangwa/thawale;WhatsApp Image 2023-09-30 at 10.18.49.jpg;4;30.09.2023;10:18:00;;;;;;;
10.01.2023 17:04;Kamba/Soche market;kamba/soche market;WhatsApp Image 2023-09-30 at 10.20.18.jpg;Ambiguous/not overflowing;30.09.2023;10:20:00;;;;;;;
10.01.2023 17:06;Blantyre Flea Market;blantyre flea market;WhatsApp Image 2023-09-30 at 10.25.05.jpg;5;30.09.2023;10:25:00;;;;;;;
10.01.2023 17:07;Mibawa;mibawa;WhatsApp Image 2023-09-30 at 10.25.34.jpg;3;30.09.2023;10:25:00;;;;;;;
10.01.2023 17:08;Blantyre;blantyre produce market;WhatsApp Image 2023-09-30 at 09.41.03.jpg;5;30.09.2023;09:41:00;;;;;;;
10.01.2023 17:12;Nkolokoti;nkolokoti;WhatsApp Image 2023-09-30 at 14.10.57.jpg;5;29.09.2023;13:39:00;;;;;;;
10.01.2023 17:13;Nkolokoti;nkolokoti;WhatsApp Image 2023-09-30 at 14.10.57.jpg;5;30.09.2023;14:10:00;;;;;;;
10.01.2023 17:16;South Lunzu;south lunzu;WhatsApp Image 2023-09-30 at 08.45.26.jpg;4;30.09.2023;08:45:00;;;;;;;
10.01.2023 17:17;South Lunzu;south lunzu;WhatsApp Image 2023-09-30 at 17.00.07.jpg;4;30.09.2023;17:00:00;;;;;;;
10.01.2023 17:18;Kachere;kachere;WhatsApp Image 2023-09-30 at 11.03.00.jpg;3;30.09.2023;11:03:00;;;;;;;
10.01.2023 17:19;Nthukwa;nthukwa;WhatsApp Image 2023-09-30 at 05.49.10.jpg;Ambiguous/not overflowing;30.09.2023;05:49:00;;;;;;;
10.01.2023 17:19;Nthukwa;nthukwa;WhatsApp Image 2023-10-01 at 05.48.44.jpg;Ambiguous/not overflowing;01.10.2023;05:48:00;;;;;;;
10.01.2023 17:20;Blantyre;blantyre produce market;WhatsApp Image 2023-09-30 at 09.41.03.jpg;5;30.09.2023;09:41:00;;;;;;;
10.01.2023 18:53;Nthukwa;nthukwa;WhatsApp Image 2023-10-01 at 17.32.17.jpg;Ambiguous/not overflowing;01.10.2023;17:32:00;;;;;;;
10.02.2023 20:54;Chemusa;chemusa;WhatsApp Image 2023-10-02 at 09.18.28.jpg;3;02.10.2023;09:18:00;;;;;;;
10.02.2023 20:55;Nthukwa;nthukwa;WhatsApp Image 2023-10-02 at 06.14.28.jpg;Ambiguous/not overflowing;02.10.2023;06:14:00;;;;;;;
10.02.2023 20:56;Chilomoni market;chilomoni market;WhatsApp Image 2023-10-02 at 08.09.39.jpg;3;02.10.2023;08:09:00;;;;;;;
10.02.2023 20:57;Manase;manase;WhatsApp Image 2023-10-02 at 08.30.18.jpg;4;02.10.2023;08:30:00;;;;;;;
10.02.2023 20:59;Zingwangwa waterboard;zingwangwa waterboard;WhatsApp Image 2023-10-02 at 11.40.17.jpg;3;02.10.2023;11:40:00;;;;;;;
10.02.2023 20:59;Blantyre;blantyre produce market;WhatsApp Image 2023-10-02 at 08.01.31.jpg;5;02.10.2023;08:01:00;;;;;;;
10.02.2023 21:00;Ndirande;ndirande;WhatsApp Image 2023-10-02 at 12.17.23.jpg;4;02.10.2023;12:17:00;1;;;;;;
10.02.2023 21:01;Ndirande;ndirande;WhatsApp Image 2023-10-02 at 12.17.23.jpg;Ambiguous/not overflowing;02.10.2023;12:17:00;2;;;;;;
10.02.2023 21:02;Chilobwe police;chilobwe police;WhatsApp Image 2023-10-02 at 08.27.23.jpg;1;02.10.2023;08:27:00;;;;;;;
10.02.2023 21:03;ITG;ITG;WhatsApp Image 2023-10-02 at 12.35.50.jpg;4;02.10.2023;12:35:00;1;;;;;;
10.02.2023 21:03;ITG;ITG;WhatsApp Image 2023-10-02 at 12.35.50.jpg;3;02.10.2023;12:35:00;2;;;;;;
10.02.2023 21:04;Pafumbi bus;pafumbi bus;WhatsApp Image 2023-10-02 at 12.48.34.jpg;4;02.10.2023;12:48:00;;;;;;;
10.02.2023 21:05;Limbe produce market;limbe produce market;WhatsApp Image 2023-10-02 at 12.53.33.jpg;5;02.10.2023;12:53:00;1;;;;;;
10.02.2023 21:05;Limbe produce market;limbe produce market;WhatsApp Image 2023-10-02 at 12.53.33.jpg;5;02.10.2023;12:53:00;2;;;;;;
10.02.2023 21:06;Limbe flea market;limbe flea market;WhatsApp Image 2023-10-02 at 13.18.10.jpg;5;02.10.2023;13:18:00;;;;;;;
10.02.2023 21:07;Kachere;kachere;WhatsApp Image 2023-10-02 at 08.44.38.jpg;4;02.10.2023;08:44:00;;;;;;;
10.02.2023 21:08;Kachere;kachere;WhatsApp Image 2023-10-02 at 16.40.46.jpg;4;02.10.2023;16:40:00;;;;;;;
10.02.2023 21:09;South Lunzu;south lunzu;WhatsApp Image 2023-10-02 at 16.02.48.jpg;4;02.10.2023;16:02:00;;;;;;;
10.02.2023 21:09;Kachere;kachere;WhatsApp Image 2023-10-02 at 08.40.05.jpg;4;02.10.2023;08:40:00;;;;;;;
10.02.2023 21:12;Zingwangwa;zingwangwa/thawale;WhatsApp Image 2023-10-02 at 09.17.06.jpg;4;02.10.2023;09:17:00;;;;;;;
10.02.2023 21:13;Zingwangwa;zingwangwa/thawale;WhatsApp Image 2023-10-02 at 19.30.31.jpg;4;02.10.2023;17:00:00;;;;;;;
10.02.2023 21:18;Blantyre Flea Market;blantyre flea market;WhatsApp Image 2023-10-02 at 13.33.59.jpg;1;02.10.2023;13:33:00;;;;;;;
10.02.2023 21:19;Mibawa;mibawa;WhatsApp Image 2023-10-02 at 13.34.19.jpg;Ambiguous/not overflowing;02.10.2023;13:34:00;;;;;;;
10.02.2023 21:19;Mibawa;mibawa;WhatsApp Image 2023-10-02 at 19.49.47.jpg;4;02.10.2023;17:00:00;;;;;;;
10.02.2023 21:20;Blantyre Flea Market;blantyre flea market;WhatsApp Image 2023-10-02 at 19.50.00.jpg;Ambiguous/not overflowing;02.10.2023;17:00:00;;;;;;;
10.03.2023 13:38;Nthukwa;nthukwa;WhatsApp Image 2023-10-03 at 05.53.18_05db5a86.jpg;Ambiguous/not overflowing;03.10.2023;05:53:00;;;;;;;
10.03.2023 13:40;Zingwangwa mosque;zingwangwa mosque;WhatsApp Image 2023-10-03 at 06.07.54_ea79e7f4.jpg;2;03.10.2023;06:07:00;;;;;;;
10.03.2023 13:41;Mibawa;mibawa;WhatsApp Image 2023-10-03 at 07.27.45_4fe09cfa.jpg;4;03.10.2023;07:27:00;;;;;;;
10.03.2023 13:42;Chilobwe police;chilobwe police;WhatsApp Image 2023-10-03 at 09.03.53_c03b3199.jpg;3;03.10.2023;09:03:00;;;;;;;
10.03.2023 13:43;Blantyre;blantyre produce market;WhatsApp Image 2023-10-03 at 09.14.30_7ea45b0b.jpg;3;03.10.2023;09:14:00;;;;;;;
10.03.2023 13:44;Kachere;kachere;WhatsApp Image 2023-10-03 at 11.43.20_beb70da0.jpg;4;03.10.2023;11:48:00;;;;;;;
10.03.2023 13:49;South Lunzu;south lunzu;WhatsApp Image 2023-10-03 at 13.44.48_694509ae.jpg;5;03.10.2023;08:14:00;;;;;;;
10.05.2023 09:50;Ndirande;ndirande;WhatsApp Image 2023-10-04 at 10.50.47_c2c701a2.jpg;5;04.10.2023;10:50:00;1;;;;;;
10.05.2023 09:50;Ndirande;ndirande;WhatsApp Image 2023-10-04 at 10.51.13_1105b20f.jpg;5;04.10.2023;10:50:00;2;;;;;;
10.05.2023 09:51;Limbe flea market;limbe flea market;WhatsApp Image 2023-10-04 at 09.41.48_37e4ee54.jpg;5;04.10.2023;09:41:00;;;;;;;
10.05.2023 09:52;Limbe produce market;limbe produce market;WhatsApp Image 2023-10-04 at 09.55.24_93a7c763.jpg;5;04.10.2023;09:55:00;1;;;;;;
10.05.2023 09:53;Limbe produce market;limbe produce market;WhatsApp Image 2023-10-04 at 09.55.24_c0e6368d.jpg;5;04.10.2023;09:55:00;2;;;;;;
10.05.2023 09:54;Pafumbi bus;pafumbi bus;WhatsApp Image 2023-10-04 at 10.01.20_28cfbe9e.jpg;Ambiguous/not overflowing;04.10.2023;10:01:00;;;;;;;
10.05.2023 09:54;ITG;ITG;WhatsApp Image 2023-10-04 at 10.13.35_4a3a4da9.jpg;4;04.10.2023;10:13:00;1;;;;;;
10.05.2023 09:55;ITG;ITG;WhatsApp Image 2023-10-04 at 10.13.35_77183293.jpg;4;04.10.2023;10:13:00;2;;;;;;
10.05.2023 09:57;Zingwangwa waterboard;zingwangwa waterboard;WhatsApp Image 2023-10-04 at 08.57.15_80f95a9c.jpg;5;04.10.2023;08:57:00;;;;;;;
10.05.2023 10:12;Nkolokoti;nkolokoti;WhatsApp Image 2023-10-03 at 17.29.03_84a7591d.jpg;5;03.10.2023;17:29:00;;;;;;;
10.05.2023 10:13;Nkolokoti;nkolokoti;WhatsApp Image 2023-10-04 at 14.03.52_a71e08be.jpg;5;04.10.2023;14:03:00;;;;;;;
10.05.2023 10:15;Chemusa;chemusa;WhatsApp Image 2023-10-03 at 17.44.07_87b0ade8.jpg;5;03.10.2023;17:44:00;;;;;;;
10.05.2023 10:17;Chemusa;chemusa;WhatsApp Image 2023-10-05 at 10.15.49_cdde7cf3.jpg;1;04.10.2023;17:07:00;;;;;;;
10.05.2023 10:18;South Lunzu;south lunzu;WhatsApp Image 2023-10-03 at 17.51.05_8e5a48db.jpg;5;03.10.2023;17:51:00;;;;;;;
10.05.2023 10:19;South Lunzu;south lunzu;WhatsApp Image 2023-10-04 at 08.32.33_0c2b6430.jpg;5;04.10.2023;08:32:00;;;;;;;
10.05.2023 10:20;South Lunzu;south lunzu;WhatsApp Image 2023-10-04 at 17.56.05_8979c764.jpg;5;04.10.2023;17:56:00;;;;;;;
10.05.2023 10:22;Chilomoni market;chilomoni market;WhatsApp Image 2023-10-05 at 10.21.07_56dd862e.jpg;3;03.10.2023;14:05:00;;;;;;;
10.05.2023 10:23;Chilomoni market;chilomoni market;WhatsApp Image 2023-10-05 at 10.21.20_47cbdbfb.jpg;4;04.10.2023;10:02:00;;;;;;;
10.05.2023 10:24;Zingwangwa;zingwangwa/thawale;WhatsApp Image 2023-10-04 at 09.47.59_41bf9bc6.jpg;5;04.10.2023;09:47:00;;;;;;;
10.05.2023 10:26;Kamba/Soche market;kamba/soche market;WhatsApp Image 2023-10-04 at 11.29.14_2539f03b.jpg;Ambiguous/not overflowing;04.10.2023;11:29:00;;;;;;;
10.05.2023 10:27;Nthukwa;nthukwa;WhatsApp Image 2023-10-04 at 06.06.06_e963b9f8.jpg;3;04.10.2023;06:06:00;;;;;;;
10.05.2023 10:28;Nthukwa;nthukwa;WhatsApp Image 2023-10-05 at 05.36.51_03790758.jpg;Ambiguous/not overflowing;05.10.2023;05:36:00;;;;;;;
10.05.2023 10:28;Chilobwe police;chilobwe police;WhatsApp Image 2023-10-04 at 08.29.27_d5612dfb.jpg;3;04.10.2023;08:29:00;;;;;;;
10.05.2023 10:29;Chilobwe police;chilobwe police;WhatsApp Image 2023-10-05 at 07.46.22_62502eed.jpg;3;05.10.2023;07:46:00;;;;;;;
10.05.2023 10:30;Zingwangwa mosque;zingwangwa mosque;WhatsApp Image 2023-10-04 at 09.53.37_7d9ff4f4.jpg;3;04.10.2023;09:53:00;;;;;;;
10.05.2023 10:31;Zingwangwa mosque;zingwangwa mosque;WhatsApp Image 2023-10-05 at 08.11.44_65e859df.jpg;4;05.10.2023;08:11:00;;;;;;;
10.05.2023 10:32;Mibawa;mibawa;WhatsApp Image 2023-10-05 at 09.19.55_590a0e4c.jpg;5;05.10.2023;09:19:00;;;;;;;
10.05.2023 10:33;Blantyre Flea Market;blantyre flea market;WhatsApp Image 2023-10-05 at 09.25.05_86eee068.jpg;5;05.10.2023;09:25:00;;;;;;;
10.05.2023 10:34;Blantyre;blantyre produce market;WhatsApp Image 2023-10-05 at 10.33.46_e35d637f.jpg;4;04.10.2023;09:58:00;;;;;;;
10.05.2023 10:34;Blantyre;blantyre produce market;WhatsApp Image 2023-10-05 at 08.29.55_00d273a3.jpg;4;05.10.2023;08:29:00;;;;;;;
10.05.2023 10:36;Kachere;kachere;WhatsApp Image 2023-10-03 at 16.20.36_fc6f5b8c.jpg;4;03.10.2023;16:20:00;;;;;;;
10.05.2023 10:36;Kachere;kachere;WhatsApp Image 2023-10-04 at 08.52.06_15f2abb7.jpg;5;04.10.2023;08:52:00;;;;;;;
10.05.2023 10:37;Kachere;kachere;WhatsApp Image 2023-10-04 at 19.24.16_dad0f266.jpg;4;04.10.2023;17:00:00;;;;;;;
10.05.2023 10:43;Kachere;kachere;WhatsApp Image 2023-10-05 at 09.52.47_eec23256.jpg;5;05.10.2023;09:52:00;;;;;;;
10.05.2023 10:44;Ndirande;ndirande;WhatsApp Image 2023-10-05 at 09.59.17_e5cb5e47.jpg;0;05.10.2023;09:58:00;1;;;;;;
10.05.2023 10:45;Ndirande;ndirande;WhatsApp Image 2023-10-05 at 09.58.58_595e70ab.jpg;5;05.10.2023;09:59:00;2;;;;;;
10.07.2023 18:47;Manase;manase;WhatsApp Image 2023-10-06 at 09.44.06_c6b0320a.jpg;5;06.10.2023;09:44:00;;;;;;;
10.07.2023 18:48;Chilomoni market;chilomoni market;WhatsApp Image 2023-10-05 at 11.59.44_3d19c680.jpg;4;05.10.2023;11:59:00;;;;;;;
10.07.2023 18:49;Chilomoni market;chilomoni market;WhatsApp Image 2023-10-06 at 10.22.00_f0fe312a.jpg;5;06.10.2023;10:22:00;;;;;;;
10.07.2023 18:50;Ndirande;ndirande;WhatsApp Image 2023-10-06 at 14.00.03_eb98aa4c.jpg;Ambiguous/not overflowing;06.10.2023;14:00:00;1;;;;;;
10.07.2023 18:50;Ndirande;ndirande;WhatsApp Image 2023-10-06 at 14.00.03_435fd25c.jpg;Ambiguous/not overflowing;06.10.2023;14:00:00;2;;;;;;
10.07.2023 18:52;Nthukwa;nthukwa;WhatsApp Image 2023-10-06 at 05.40.26_d84b8c54.jpg;3;06.10.2023;05:40:00;;;;;;;
10.07.2023 18:52;Nthukwa;nthukwa;WhatsApp Image 2023-10-07 at 05.27.55_69d138be.jpg;Ambiguous/not overflowing;07.10.2023;05:27:00;;;;;;;
10.07.2023 18:53;Nkolokoti;nkolokoti;WhatsApp Image 2023-10-05 at 12.39.44_91d1b311.jpg;5;05.10.2023;12:39:00;;;;;;;
10.07.2023 18:54;Nkolokoti;nkolokoti;WhatsApp Image 2023-10-07 at 09.27.50_ab13e9a6.jpg;5;07.10.2023;09:27:00;;;;;;;
10.07.2023 18:55;Limbe flea market;limbe flea market;WhatsApp Image 2023-10-06 at 09.17.56_da68b480.jpg;5;06.10.2023;09:17:00;;;;;;;
10.07.2023 18:56;Limbe produce market;limbe produce market;WhatsApp Image 2023-10-06 at 09.29.39_2d2c65b4.jpg;5;06.10.2023;09:29:00;1;;;;;;
10.07.2023 18:57;Limbe produce market;limbe produce market;WhatsApp Image 2023-10-06 at 09.29.39_a5dea40e.jpg;5;06.10.2023;09:29:00;2;;;;;;
10.07.2023 18:57;Pafumbi bus;pafumbi bus;WhatsApp Image 2023-10-06 at 09.35.10_3427e9fa.jpg;3;06.10.2023;09:35:00;;;;;;;
10.07.2023 18:58;ITG;ITG;WhatsApp Image 2023-10-06 at 09.55.54_840a43a0.jpg;Ambiguous/not overflowing;06.10.2023;09:55:00;1;;;;;;
10.07.2023 18:59;ITG;ITG;WhatsApp Image 2023-10-06 at 09.55.54_261a63c1.jpg;4;06.10.2023;09:55:00;2;;;;;;
10.07.2023 19:00;Pafumbi bus;pafumbi bus;WhatsApp Image 2023-10-07 at 10.39.43_7da1adaa.jpg;Ambiguous/not overflowing;07.10.2023;10:39:00;;;;;;;
10.07.2023 19:01;Limbe produce market;limbe produce market;WhatsApp Image 2023-10-07 at 10.40.11_cf215aad.jpg;5;07.10.2023;10:40:00;1;;;;;;
10.07.2023 19:01;Limbe produce market;limbe produce market;WhatsApp Image 2023-10-07 at 10.40.11_cbd90cb1.jpg;5;07.10.2023;10:40:00;2;;;;;;
10.07.2023 19:02;Limbe flea market;limbe flea market;WhatsApp Image 2023-10-07 at 10.40.42_1bca26bc.jpg;5;07.10.2023;10:40:00;;;;;;;
10.07.2023 19:03;Namwalimwe;namwalimwe;WhatsApp Image 2023-10-06 at 06.56.10_1d59a497.jpg;4;06.10.2023;06:56:00;;;;;;;
10.07.2023 19:04;Namwalimwe;namwalimwe;WhatsApp Image 2023-10-06 at 22.43.33_5660242f.jpg;4;06.10.2023;17:00:00;;;;;;;
10.07.2023 19:07;Blantyre;blantyre produce market;WhatsApp Image 2023-10-07 at 19.06.13_436782b7.jpg;5;06.10.2023;08:57:00;;;;;;;
10.07.2023 19:07;Blantyre;blantyre produce market;WhatsApp Image 2023-10-07 at 08.20.24_d51e6240.jpg;5;07.10.2023;08:20:00;;;;;;;
10.07.2023 19:08;South Lunzu;south lunzu;WhatsApp Image 2023-10-05 at 16.23.46_0790f0ab.jpg;5;05.10.2023;16:23:00;;;;;;;
10.07.2023 19:09;South Lunzu;south lunzu;WhatsApp Image 2023-10-06 at 08.19.06_da592b1b.jpg;5;06.10.2023;08:19:00;;;;;;;
10.07.2023 19:10;Blantyre;blantyre produce market;WhatsApp Image 2023-10-07 at 09.33.34_9fd1fe15.jpg;5;07.10.2023;09:33:00;;;;;;;
10.07.2023 19:12;Zingwangwa;zingwangwa/thawale;WhatsApp Image 2023-10-05 at 11.02.54_bbcf496c.jpg;5;05.10.2023;11:02:00;;;;;;;
10.07.2023 19:13;Kamba/Soche market;kamba/soche market;WhatsApp Image 2023-10-05 at 11.33.54_5c12dc0e.jpg;4;05.10.2023;11:33:00;;;;;;;
10.07.2023 19:15;Zingwangwa;zingwangwa/thawale;WhatsApp Image 2023-10-06 at 08.53.18_1f53e50f.jpg;Ambiguous/not overflowing;06.10.2023;08:53:00;;;;;;;
10.07.2023 19:15;Zingwangwa;zingwangwa/thawale;WhatsApp Image 2023-10-07 at 13.16.48_24afd740.jpg;Ambiguous/not overflowing;07.10.2023;10:00:00;;;;;;;
10.07.2023 19:16;Kachere;kachere;WhatsApp Image 2023-10-05 at 16.13.29_94c54ede.jpg;5;06.10.2023;16:13:00;;;;;;;
10.07.2023 19:17;Kachere;kachere;WhatsApp Image 2023-10-06 at 10.10.52_1648715b.jpg;5;06.10.2023;10:10:00;;;;;;;
10.07.2023 19:17;Kachere;kachere;WhatsApp Image 2023-10-06 at 16.34.36_843d20c1.jpg;5;06.10.2023;16:34:00;;;;;;;
10.07.2023 19:19;Kachere;kachere;WhatsApp Image 2023-10-07 at 08.37.26_c44e0fb9.jpg;5;07.10.2023;08:37:00;;;;;;;
10.07.2023 19:19;Chilobwe police;chilobwe police;WhatsApp Image 2023-10-07 at 15.23.27_f31818f0.jpg;3;07.10.2023;15:23:00;;;;;;;
10.09.2023 18:12;Chilobwe police;chilobwe police;WhatsApp Image 2023-10-08 at 09.31.39_2db18595.jpg;3;08.10.2023;09:31:00;;;;;;;
10.09.2023 18:14;Nthukwa;nthukwa;WhatsApp Image 2023-10-08 at 05.50.51_fb13d8c6.jpg;Ambiguous/not overflowing;08.10.2023;05:50:00;;;;;;;
10.09.2023 18:14;Nthukwa;nthukwa;WhatsApp Image 2023-10-09 at 05.50.51_7b931196.jpg;Ambiguous/not overflowing;09.10.2023;05:50:00;;;;;;;
10.09.2023 18:16;Zingwangwa;zingwangwa/thawale;WhatsApp Image 2023-10-09 at 08.57.31_e9ba2f7f.jpg;4;09.10.2023;08:57:00;;;;;;;
10.09.2023 18:16;Blantyre;blantyre produce market;WhatsApp Image 2023-10-09 at 08.01.02_abb9c86e.jpg;5;09.10.2023;08:03:00;;;;;;;
10.09.2023 18:18;Zingwangwa mosque;zingwangwa mosque;WhatsApp Image 2023-10-08 at 11.30.36_df34d7bb.jpg;4;08.10.2023;11:30:00;;;;;;;
10.09.2023 18:19;Zingwangwa mosque;zingwangwa mosque;WhatsApp Image 2023-10-09 at 09.31.42_f2e1aaf1.jpg;4;09.10.2023;09:30:00;;;;;;;
10.09.2023 18:19;Chilomoni market;chilomoni market;WhatsApp Image 2023-10-09 at 09.36.38_dc711f2a.jpg;5;09.10.2023;09:36:00;;;;;;;
10.09.2023 18:20;Manase;manase;WhatsApp Image 2023-10-08 at 06.52.53_b6ae423f.jpg;5;08.10.2023;06:52:00;;;;;;;
10.09.2023 18:21;Manase;manase;WhatsApp Image 2023-10-09 at 12.34.36_be868038.jpg;5;09.10.2023;12:34:00;;;;;;;
10.09.2023 18:22;Nkolokoti;nkolokoti;WhatsApp Image 2023-10-07 at 09.27.52_f91df7c1.jpg;5;07.10.2023;09:27:00;;;;;;;
10.09.2023 18:23;Nkolokoti;nkolokoti;WhatsApp Image 2023-10-09 at 18.23.08_6f3a9683.jpg;5;09.10.2023;13:36:00;;;;;;;
10.09.2023 18:24;Ndirande;ndirande;WhatsApp Image 2023-10-09 at 14.39.41_7658601c.jpg;4;09.10.2023;14:39:00;1;;;;;;
10.09.2023 18:24;Ndirande;ndirande;WhatsApp Image 2023-10-09 at 14.39.41_db72cd6e.jpg;2;09.10.2023;14:39:00;2;;;;;;
10.09.2023 18:25;South Lunzu;south lunzu;WhatsApp Image 2023-10-09 at 10.29.21_5d82f933.jpg;2;09.10.2023;10:29:00;;;;;;;
10.09.2023 18:26;South Lunzu;south lunzu;WhatsApp Image 2023-10-09 at 16.27.10_5d51f165.jpg;2;09.10.2023;16:27:00;;;;;;;
10.09.2023 18:27;Kachere;kachere;;5;07.10.2023;17:36:00;;;;;;;
10.09.2023 18:27;Kachere;kachere;WhatsApp Image 2023-10-09 at 10.35.13_29087d25.jpg;5;09.10.2023;10:35:00;;;;;;;
10.09.2023 18:28;Kachere;kachere;WhatsApp Image 2023-10-09 at 17.43.15_9255f8ca.jpg;5;09.10.2023;17:00:00;;;;;;;
10.09.2023 18:29;Namwalimwe;namwalimwe;WhatsApp Image 2023-10-09 at 17.41.27_938d4c9f.jpg;4;08.10.2023;10:00:00;;;;;;;
10.09.2023 18:52;Namwalimwe;namwalimwe;WhatsApp Image 2023-10-09 at 17.45.39_a1ce8268.jpg;4;09.10.2023;17:00:00;;;;;;;
10.09.2023 19:25;Chemusa;chemusa;WhatsApp Image 2023-10-09 at 19.23.50_283c4284.jpg;4;09.10.2023;10:00:00;;;;;;;
10.10.2023 20:00;Nthukwa;nthukwa;WhatsApp Image 2023-10-10 at 05.57.00_c4829817.jpg;4;10.10.2023;05:57:00;;;;;;;
10.10.2023 20:01;South Lunzu;south lunzu;WhatsApp Image 2023-10-10 at 08.21.01_3e519758.jpg;4;10.10.2023;08:21:00;;;;;;;
10.10.2023 20:01;Kachere;kachere;WhatsApp Image 2023-10-10 at 08.45.53_a10a7638.jpg;5;10.10.2023;08:45:00;;;;;;;
10.10.2023 20:02;Zingwangwa mosque;zingwangwa mosque;WhatsApp Image 2023-10-10 at 08.42.51_66ff00e9.jpg;5;10.10.2023;08:42:00;;;;;;;
10.10.2023 20:03;Chilobwe police;chilobwe police;WhatsApp Image 2023-10-10 at 08.24.05_085d930e.jpg;4;10.10.2023;08:24:00;;;;;;;
10.10.2023 20:04;Chilomoni market;chilomoni market;WhatsApp Image 2023-10-10 at 10.58.33_259cfde8.jpg;5;10.10.2023;10:54:00;;;;;;;
10.10.2023 20:04;Blantyre;blantyre produce market;WhatsApp Image 2023-10-10 at 08.56.03_3cd8b9ab.jpg;5;10.10.2023;08:56:00;;;;;;;
10.10.2023 20:05;Chilomoni Fargo;chilomoni fargo;WhatsApp Image 2023-10-10 at 17.48.26_4025807c.jpg;5;10.10.2023;17:48:00;;;;;;;
10.11.2023 19:44;Nthukwa;nthukwa;WhatsApp Image 2023-10-11 at 05.39.03_6faa2342.jpg;4;11.10.2023;05:39:00;;;;;;;
10.11.2023 19:45;Mibawa;mibawa;WhatsApp Image 2023-10-11 at 07.44.00_bf1c35f5.jpg;Ambiguous/not overflowing;11.10.2023;07:44:00;1;;;;;;
10.11.2023 19:46;Mibawa;mibawa;WhatsApp Image 2023-10-11 at 07.44.00_999856b2.jpg;5;11.10.2023;07:44:00;2;;;;;;
10.11.2023 19:47;Chilobwe police;chilobwe police;WhatsApp Image 2023-10-11 at 08.47.01_2d3d0682.jpg;4;11.10.2023;08:47:00;;;;;;;
10.11.2023 19:47;Manase;manase;WhatsApp Image 2023-10-11 at 10.25.34_9aba2db7.jpg;5;11.10.2023;10:25:00;;;;;;;
10.11.2023 19:49;Nkolokoti;nkolokoti;WhatsApp Image 2023-10-11 at 19.48.49_2307dd34.jpg;5;11.10.2023;13:14:00;;;;;;;
10.11.2023 19:50;Chilomoni market;chilomoni market;WhatsApp Image 2023-10-11 at 12.38.20_260ddfc3.jpg;5;11.10.2023;12:38:00;;;;;;;
10.11.2023 19:51;South Lunzu;south lunzu;WhatsApp Image 2023-10-11 at 15.46.08_915f9430.jpg;3;11.10.2023;15:46:00;;;;;;;
10.11.2023 19:52;Kamba/Soche market;kamba/soche market;WhatsApp Image 2023-10-10 at 20.54.27_46d19b9c.jpg;5;10.10.2023;17:00:00;;;;;;;
10.11.2023 19:55;Zingwangwa;zingwangwa/thawale;WhatsApp Image 2023-10-10 at 20.56.27_13fd1167.jpg;4;10.10.2023;17:00:00;;;;;;;
10.11.2023 19:56;Zingwangwa mosque;zingwangwa mosque;WhatsApp Image 2023-10-11 at 10.35.53_52c2f600.jpg;5;11.10.2023;10:35:00;;;;;;;
10.11.2023 19:58;Ndirande;ndirande;WhatsApp Image 2023-10-11 at 19.57.43_6d396b09.jpg;5;10.10.2023;17:00:00;1;;;;;;
10.11.2023 19:59;Ndirande;ndirande;WhatsApp Image 2023-10-11 at 19.57.43_f626834d.jpg;Ambiguous/not overflowing;10.10.2023;17:00:00;2;;;;;;
10.11.2023 20:00;Kachere;kachere;WhatsApp Image 2023-10-11 at 08.15.17_03e870b5.jpg;5;10.10.2023;17:00:00;;;;;;;
10.11.2023 20:00;Kachere;kachere;WhatsApp Image 2023-10-11 at 08.10.07_38c2b499.jpg;5;11.10.2023;08:10:00;;;;;;;
10.11.2023 20:01;Kachere;kachere;WhatsApp Image 2023-10-11 at 16.42.49_a5880b0e.jpg;4;11.10.2023;16:42:00;;;;;;;
10.11.2023 20:02;Chilomoni Fargo;chilomoni fargo;WhatsApp Image 2023-10-11 at 11.43.50_8bfc6feb.jpg;5;11.10.2023;11:43:00;;;;;;;
10.11.2023 20:03;Chilomoni Fargo;chilomoni fargo;WhatsApp Image 2023-10-11 at 17.09.03_ec2a616f.jpg;5;11.10.2023;17:09:00;;;;;;;
10.11.2023 20:04;Namwalimwe;namwalimwe;WhatsApp Image 2023-10-11 at 18.05.07_d6650108.jpg;4;10.10.2023;18:00:00;;;;;;;
10.11.2023 20:05;Namwalimwe;namwalimwe;WhatsApp Image 2023-10-11 at 18.05.07_1c48522a.jpg;4;11.10.2023;18:00:00;;;;;;;
10.12.2023 20:00;Nthukwa;nthukwa;WhatsApp Image 2023-10-12 at 05.36.00_94fde20c.jpg;4;12.10.2023;05:36:00;;;;;;;
10.12.2023 20:04;Zingwangwa mosque;zingwangwa mosque;WhatsApp Image 2023-10-12 at 07.52.03_ceb58d67.jpg;5;12.10.2023;07:52:00;;;;;;;
10.12.2023 20:05;Chemusa;chemusa;WhatsApp Image 2023-10-12 at 11.21.45_51fe3d46.jpg;1;12.10.2023;11:21:00;;;;;;;
10.12.2023 20:06;Blantyre;blantyre produce market;WhatsApp Image 2023-10-12 at 14.40.12_1ea01ca3.jpg;Ambiguous/not overflowing;12.10.2023;14:40:00;;;;;;;
10.12.2023 20:06;Ndirande;ndirande;WhatsApp Image 2023-10-12 at 11.01.04_07ef98f3.jpg;5;12.10.2023;11:01:00;1;;;;;;
10.12.2023 20:07;Ndirande;ndirande;WhatsApp Image 2023-10-12 at 11.01.04_a8867dc2.jpg;5;12.10.2023;11:01:00;2;;;;;;
10.12.2023 20:08;Kachere;kachere;WhatsApp Image 2023-10-12 at 09.43.43_fb561866.jpg;3;12.10.2023;09:43:00;;;;;;;
10.12.2023 20:11;Kachere;kachere;WhatsApp Image 2023-10-12 at 16.38.10_0906f00d.jpg;3;12.10.2023;16:38:00;;;;;;;
10.12.2023 20:12;South Lunzu;south lunzu;WhatsApp Image 2023-10-12 at 10.11.33_d2fff8f8.jpg;3;12.10.2023;10:11:00;;;;;;;
10.12.2023 20:14;South Lunzu;south lunzu;WhatsApp Image 2023-10-12 at 16.54.16_cc379d65.jpg;4;12.10.2023;16:54:00;;;;;;;
10.12.2023 20:15;Manase;manase;WhatsApp Image 2023-10-12 at 17.25.42_5cc72a8c.jpg;4;12.10.2023;17:25:00;;;;;;;
10.12.2023 20:16;Namwalimwe;namwalimwe;WhatsApp Image 2023-10-12 at 06.52.47_0cd9f2d6.jpg;5;12.10.2023;06:52:00;;;;;;;
10.12.2023 20:16;Namwalimwe;namwalimwe;WhatsApp Image 2023-10-12 at 18.45.10_cc395269.jpg;5;12.10.2023;17:30:00;;;;;;;
10.13.2023 17:59:53;Nthukwa;nthukwa;WhatsApp Image 2023-10-13 at 05.35.28_4eec03ed.jpg;4;13.10.2023;05:35:00;;;;;;;
10.13.2023 18:00:39;Namwalimwe;namwalimwe;WhatsApp Image 2023-10-13 at 06.46.47_db416a2b.jpg;5;13.10.2023;06:46:00;;;;;;;
10.13.2023 18:03:09;Chilomoni Fargo;chilomoni fargo;WhatsApp Image 2023-10-13 at 07.40.55_0f019980.jpg;5;13.10.2023;07:40:00;;;;;;;
10.13.2023 18:04:06;Chilobwe police;chilobwe police;WhatsApp Image 2023-10-13 at 08.02.23_81e2e837.jpg;4;13.10.2023;08:02:00;;;;;;;
10.13.2023 18:04:57;South Lunzu;south lunzu;WhatsApp Image 2023-10-13 at 08.20.23_52b1fa15.jpg;3;13.10.2023;08:20:00;;;;;;;
10.13.2023 18:07:19;Zingwangwa mosque;zingwangwa mosque;WhatsApp Image 2023-10-13 at 08.08.59_b95d931d.jpg;5;13.10.2023;08:08:00;;;;;;;
10.13.2023 18:08:04;Ndirande;ndirande;WhatsApp Image 2023-10-13 at 09.49.41_6dc2d43c.jpg;2;13.10.2023;09:49:00;1;;;;;;
10.13.2023 18:08:41;Ndirande;ndirande;WhatsApp Image 2023-10-13 at 09.49.41_200ff7b3.jpg;5;13.10.2023;09:49:00;2;;;;;;
10.13.2023 18:09:40;Mibawa;mibawa;WhatsApp Image 2023-10-13 at 09.51.23_f29baa72.jpg;4;13.10.2023;09:51:00;1;;;;;;
10.13.2023 18:10:18;Mibawa;mibawa;WhatsApp Image 2023-10-13 at 09.51.23_852cddaf.jpg;5;13.10.2023;09:51:00;2;;;;;;
10.13.2023 18:10:49;Blantyre;blantyre produce market;WhatsApp Image 2023-10-13 at 10.06.09_1d648123.jpg;2;13.10.2023;10:06:00;;;;;;;
10.13.2023 18:11:38;Kamba/Soche market;kamba/soche market;WhatsApp Image 2023-10-13 at 09.23.51_d7ede3d3.jpg;Ambiguous/not overflowing;13.10.2023;09:23:00;;;;;;;
10.13.2023 18:12:25;Zingwangwa;zingwangwa/thawale;WhatsApp Image 2023-10-13 at 09.24.43_97c3f017.jpg;4;13.10.2023;09:24:00;;;;;;;
10.13.2023 18:13:08;Kachere;kachere;WhatsApp Image 2023-10-13 at 08.50.44_6f4f822d.jpg;5;13.10.2023;08:50:00;;;;;;;
10.13.2023 18:13:46;Kachere;kachere;WhatsApp Image 2023-10-13 at 16.48.02_8270ac3a.jpg;5;13.10.2023;16:48:00;;;;;;;
10.14.2023 18:18:33;Nthukwa;nthukwa;WhatsApp Image 2023-10-14 at 05.32.01_faf399ed.jpg;5;14.10.2023;05:32:00;;;;;;;
10.14.2023 18:19:41;Mibawa;mibawa;;5;14.10.2023;09:19:00;1;;;;;;
10.14.2023 18:20:08;Mibawa;mibawa;;5;14.10.2023;09:19:00;2;;;;;;
10.14.2023 18:20:32;Mibawa;mibawa;;5;14.10.2023;17:01:00;1;;;;;;
10.14.2023 18:21:20;Mibawa;mibawa;WhatsApp Image 2023-10-14 at 17.01.27_c700dde1.jpg;Ambiguous/not overflowing;14.10.2023;17:01:00;2;;;;;;
10.14.2023 18:22:25;Blantyre;blantyre produce market;WhatsApp Image 2023-10-14 at 15.11.03_235ac900.jpg;3;14.10.2023;15:11:00;;;;;;;
10.14.2023 18:24:25;Namwalimwe;namwalimwe;WhatsApp Image 2023-10-14 at 17.43.05_7652dd08.jpg;4;14.10.2023;10:00:00;;;;;;;
10.14.2023 18:25:12;Namwalimwe;namwalimwe;WhatsApp Image 2023-10-14 at 17.43.54_e7c9bd95.jpg;3;14.10.2023;17:00:00;;;;;;;
10.15.2023 18:24:18;Nthukwa;nthukwa;WhatsApp Image 2023-10-15 at 05.35.04_1bce5e21.jpg;5;15.10.2023;05:35:00;;;;;;;
10.15.2023 18:26:27;Zingwangwa mosque;zingwangwa mosque;WhatsApp Image 2023-10-15 at 18.26.01_1d4fabff.jpg;5;15.10.2023;07:36:00;;;;;;;
10.15.2023 18:26:57;Kachere;kachere;WhatsApp Image 2023-10-15 at 08.03.27_0ff7163b.jpg;5;15.10.2023;08:03:00;;;;;;;
10.15.2023 18:27:33;Manase;manase;WhatsApp Image 2023-10-15 at 09.04.54_1f302c14.jpg;5;15.10.2023;09:04:00;;;;;;;
10.15.2023 18:28:08;Mibawa;mibawa;WhatsApp Image 2023-10-15 at 10.44.38_2361b078.jpg;Ambiguous/not overflowing;15.10.2023;10:44:00;1;;;;;;
10.15.2023 18:28:46;Mibawa;mibawa;WhatsApp Image 2023-10-15 at 10.44.38_f37db65f.jpg;Ambiguous/not overflowing;15.10.2023;10:44:00;2;;;;;;
10.15.2023 18:29:47;Chilomoni Fargo;chilomoni fargo;WhatsApp Image 2023-10-15 at 11.12.52_baf4e0ce.jpg;5;15.10.2023;11:12:00;;;;;;;
10.15.2023 19:31:44;Chilomoni Fargo;chilomoni fargo;WhatsApp Image 2023-10-15 at 19.27.48_f2a2dcf4.jpg;5;15.10.2023;19:27:00;;;;;;;
10.16.2023 20:54:51;Nthukwa;nthukwa;WhatsApp Image 2023-10-16 at 05.24.51_cba3df78.jpg;5;16.10.2023;05:24:00;;;;;;;
10.16.2023 20:55:40;Zingwangwa mosque;zingwangwa mosque;WhatsApp Image 2023-10-16 at 07.34.49_f20b6192.jpg;5;16.10.2023;07:34:00;;;;;;;
10.16.2023 20:57:24;Chilomoni Fargo;chilomoni fargo;WhatsApp Image 2023-10-16 at 08.24.03_897900bb.jpg;5;16.10.2023;08:24:00;;;;;;;
10.16.2023 20:58:01;Ndirande;ndirande;WhatsApp Image 2023-10-16 at 15.06.06_9bd390ca.jpg;5;16.10.2023;15:06:00;1;;;;;;
10.16.2023 20:58:36;Ndirande;ndirande;WhatsApp Image 2023-10-16 at 15.06.06_561751de.jpg;Ambiguous/not overflowing;16.10.2023;15:06:00;2;;;;;;
10.16.2023 20:59:05;Manase;manase;WhatsApp Image 2023-10-16 at 17.25.10_a88896d0.jpg;5;16.10.2023;17:25:00;;;;;;;
10.16.2023 20:59:40;Kachere;kachere;WhatsApp Image 2023-10-16 at 09.38.54_38735907.jpg;5;16.10.2023;09:38:00;;;;;;;
10.16.2023 21:00:09;Kachere;kachere;WhatsApp Image 2023-10-16 at 17.31.13_068ca6c4.jpg;5;16.10.2023;17:31:00;;;;;;;
10.16.2023 21:00:44;South Lunzu;south lunzu;WhatsApp Image 2023-10-16 at 07.56.27_9a4da549.jpg;1;16.10.2023;07:56:00;;;;;;;
10.16.2023 21:01:20;South Lunzu;south lunzu;WhatsApp Image 2023-10-16 at 16.08.15_57eb5621.jpg;2;16.10.2023;16:08:00;;;;;;;
10.16.2023 22:41:54;Zingwangwa;zingwangwa/thawale;WhatsApp Image 2023-10-16 at 22.15.16_54fde56a.jpg;5;16.10.2023;22:15:00;;;;;;;
10.17.2023 19:00:43;Nthukwa;nthukwa;WhatsApp Image 2023-10-17 at 05.36.12_4745ab1e.jpg;5;17.10.2023;05:36:00;;;;;;;
10.17.2023 19:01:29;Chilobwe police;chilobwe police;WhatsApp Image 2023-10-17 at 08.48.54_38a8536f.jpg;5;17.10.2023;08:48:00;;;;;;;
10.17.2023 19:02:16;Zingwangwa;zingwangwa/thawale;WhatsApp Image 2023-10-17 at 09.19.40_57a9b451.jpg;5;17.10.2023;09:19:00;;;;;;;
10.17.2023 19:02:59;Manase;manase;WhatsApp Image 2023-10-17 at 10.33.21_d9281231.jpg;5;17.10.2023;10:33:00;;;;;;;
10.17.2023 19:04:00;ITG;ITG;WhatsApp Image 2023-10-17 at 13.22.02_9cbd4945.jpg;5;17.10.2023;13:22:00;1;;;;;;
10.17.2023 19:04:33;ITG;ITG;WhatsApp Image 2023-10-17 at 13.22.02_29ae1125.jpg;Ambiguous/not overflowing;17.10.2023;13:22:00;2;;;;;;
10.17.2023 19:05:32;Pafumbi bus;pafumbi bus;WhatsApp Image 2023-10-17 at 13.34.32_1fa1ef8f.jpg;5;17.10.2023;13:34:00;;;;;;;
10.17.2023 19:06:07;Limbe produce market;limbe produce market;WhatsApp Image 2023-10-17 at 13.44.41_c87f1e52.jpg;5;17.10.2023;13:44:00;1;;;;;;
10.17.2023 19:06:38;Limbe produce market;limbe produce market;WhatsApp Image 2023-10-17 at 13.44.41_3e97f8c5.jpg;3;17.10.2023;13:44:00;2;;;;;;
10.17.2023 19:07:12;Limbe flea market;limbe flea market;WhatsApp Image 2023-10-17 at 13.51.14_d54683d1.jpg;Ambiguous/not overflowing;17.10.2023;13:51:00;;;;;;;
10.17.2023 19:07:49;Zingwangwa mosque;zingwangwa mosque;WhatsApp Image 2023-10-17 at 12.37.24_42e15c66.jpg;5;17.10.2023;12:37:00;;;;;;;
10.17.2023 19:09:20;South Lunzu;south lunzu;WhatsApp Image 2023-10-17 at 08.13.36_f2353139.jpg;2;17.10.2023;08:13:00;;;;;;;
10.17.2023 19:10:10;South Lunzu;south lunzu;WhatsApp Image 2023-10-17 at 19.09.31_fe9cd2e6.jpg;2;17.10.2023;16:31:00;;;;;;;
10.17.2023 19:10:51;Blantyre;blantyre produce market;WhatsApp Image 2023-10-17 at 14.35.21_f87caa00.jpg;5;17.10.2023;14:35:00;;;;;;;
10.17.2023 19:11:54;Chilomoni Fargo;chilomoni fargo;WhatsApp Image 2023-10-17 at 09.31.22_c21d8503.jpg;1;17.10.2023;08:19:00;;;;;;;
10.17.2023 19:12:34;Chilomoni Fargo;chilomoni fargo;WhatsApp Image 2023-10-17 at 17.07.59_5815d8c1.jpg;Ambiguous/not overflowing;17.10.2023;17:07:00;;;;;;;
10.17.2023 19:13:26;Kachere;kachere;WhatsApp Image 2023-10-17 at 11.07.29_593e4a27.jpg;5;17.10.2023;11:07:00;;;;;;;
10.17.2023 19:13:54;Kachere;kachere;WhatsApp Image 2023-10-17 at 16.46.47_fbe5399e.jpg;5;17.10.2023;16:46:00;;;;;;;
10.17.2023 19:14:59;Namwalimwe;namwalimwe;WhatsApp Image 2023-10-17 at 17.47.42_8bc187ef.jpg;3;16.10.2023;10:00:00;;;;;;;
10.17.2023 19:15:30;Namwalimwe;namwalimwe;WhatsApp Image 2023-10-17 at 17.49.05_95f8c331.jpg;4;17.10.2023;17:49:00;;;;;;;
10.19.2023 18:26:02;Nkolokoti;nkolokoti;WhatsApp Image 2023-10-18 at 11.05.51_6e645d99.jpg;3;18.10.2023;11:05:00;;;;;;;
10.19.2023 18:27:46;Chilobwe police;chilobwe police;WhatsApp Image 2023-10-18 at 12.24.57_dc82d65b.jpg;5;18.10.2023;12:24:00;;;;;;;
10.19.2023 18:29:30;Zingwangwa;zingwangwa/thawale;WhatsApp Image 2023-10-18 at 09.56.10_c27a114b.jpg;5;18.10.2023;09:56:00;;;;;;;
10.19.2023 18:30:27;Nthukwa;nthukwa;WhatsApp Image 2023-10-18 at 05.26.49_f028848f.jpg;5;18.10.2023;05:26:00;;;;;;;
10.19.2023 18:31:29;Nthukwa;nthukwa;WhatsApp Image 2023-10-19 at 05.34.31_10fc7f89.jpg;5;19.10.2023;05:34:00;;;;;;;
10.19.2023 18:33:48;Manase;manase;WhatsApp Image 2023-10-18 at 10.08.32_ff857e83.jpg;4;18.10.2023;10:08:00;;;;;;;
10.19.2023 18:34:59;Manase;manase;IMG_2612.jpg;5;19.10.2023;09:32:00;;;;;;;
10.19.2023 18:36:06;Chilomoni market;chilomoni market;WhatsApp Image 2023-10-18 at 09.55.46_f898c078.jpg;Ambiguous/not overflowing;18.10.2023;09:55:00;;;;;;;
10.19.2023 18:37:10;Chilomoni market;chilomoni market;WhatsApp Image 2023-10-19 at 09.21.18_ad2f7ddd.jpg;3;19.10.2023;09:21:00;;;;;;;
10.19.2023 18:38:04;Blantyre;blantyre produce market;WhatsApp Image 2023-10-18 at 10.13.22_515a3e1a.jpg;5;18.10.2023;10:13:00;;;;;;;
10.19.2023 18:39:48;Blantyre;blantyre produce market;WhatsApp Image 2023-10-19 at 18.39.09_50f3769c.jpg;5;19.10.2023;10:30:00;;;;;;;
10.19.2023 18:40:53;Ndirande;ndirande;WhatsApp Image 2023-10-18 at 14.55.43_cb888ba6.jpg;5;18.10.2023;14:55:00;1;;;;;;
10.19.2023 18:41:26;Ndirande;ndirande;WhatsApp Image 2023-10-18 at 14.56.05_3b2f71c1.jpg;5;18.10.2023;14:56:00;2;;;;;;
10.19.2023 18:42:11;Ndirande;ndirande;WhatsApp Image 2023-10-19 at 12.07.15_e053dae2.jpg;5;19.10.2023;12:06:00;1;;;;;;
10.19.2023 18:43:06;Ndirande;ndirande;WhatsApp Image 2023-10-19 at 12.06.58_16eb745e.jpg;5;19.10.2023;12:06:00;2;;;;;;
10.19.2023 18:44:54;Kachere;kachere;WhatsApp Image 2023-10-18 at 09.40.53_41609dea.jpg;5;18.10.2023;09:40:00;;;;;;;
10.19.2023 18:45:34;Kachere;kachere;WhatsApp Image 2023-10-18 at 16.19.37_d1bd5c5f.jpg;5;18.10.2023;16:19:00;;;;;;;
10.19.2023 18:46:43;Kachere;kachere;WhatsApp Image 2023-10-19 at 09.59.49_a700eb37.jpg;5;19.10.2023;09:59:00;;;;;;;
10.19.2023 18:47:20;Kachere;kachere;WhatsApp Image 2023-10-19 at 16.17.46_8034a663.jpg;5;19.10.2023;16:17:00;;;;;;;
10.19.2023 18:48:06;Zingwangwa mosque;zingwangwa mosque;WhatsApp Image 2023-10-18 at 09.33.26_baa21442.jpg;5;18.10.2023;09:33:00;;;;;;;
10.19.2023 18:48:46;Zingwangwa mosque;zingwangwa mosque;WhatsApp Image 2023-10-19 at 10.56.00_f2f7edd9.jpg;5;19.10.2023;10:56:00;;;;;;;
10.19.2023 18:50:00;Chilomoni Fargo;chilomoni fargo;WhatsApp Image 2023-10-18 at 08.54.56_ac77f0dd.jpg;Ambiguous/not overflowing;18.10.2023;08:54:00;;;;;;;
10.19.2023 18:51:12;Chilomoni Fargo;chilomoni fargo;WhatsApp Image 2023-10-18 at 18.36.32_4c905076.jpg;3;18.10.2023;18:36:00;;;;;;;
10.19.2023 18:51:56;Chilomoni Fargo;chilomoni fargo;WhatsApp Image 2023-10-19 at 16.20.27_3c879a74.jpg;3;19.10.2023;16:20:00;;;;;;;
10.19.2023 18:52:36;Chemusa;chemusa;WhatsApp Image 2023-10-18 at 09.41.54_7653c192.jpg;5;18.10.2023;09:41:00;;;;;;;
10.19.2023 18:53:34;Chemusa;chemusa;WhatsApp Image 2023-10-19 at 16.40.10_335080f7.jpg;5;19.10.2023;16:40:00;;;;;;;
10.20.2023 18:41:17;Nthukwa;nthukwa;WhatsApp Image 2023-10-20 at 05.32.05_cce0fc88.jpg;5;20.10.2023;05:32:00;;;;;;;
10.20.2023 18:42:00;Chilobwe police;chilobwe police;WhatsApp Image 2023-10-20 at 08.53.10_0f08bac3.jpg;5;20.10.2023;08:53:00;;;;;;;
10.20.2023 18:42:29;Zingwangwa mosque;zingwangwa mosque;WhatsApp Image 2023-10-20 at 08.32.24_dbe95f1d.jpg;5;20.10.2023;08:32:00;;;;;;;
10.20.2023 18:43:18;Nkolokoti;nkolokoti;WhatsApp Image 2023-10-20 at 09.03.43_2ba8ab2f.jpg;4;20.10.2023;09:03:00;;;;;;;
10.20.2023 18:43:46;Manase;manase;WhatsApp Image 2023-10-20 at 10.25.19_db4fc2c6.jpg;5;20.10.2023;10:25:00;;;;;;;
10.20.2023 18:44:25;Zingwangwa;zingwangwa/thawale;WhatsApp Image 2023-10-20 at 11.37.28_fbae79b3.jpg;5;20.10.2023;11:37:00;;;;;;;
10.20.2023 18:46:13;Chilomoni Fargo;chilomoni fargo;WhatsApp Image 2023-10-20 at 12.13.16_f5019782.jpg;4;20.10.2023;12:13:00;;;;;;;
10.20.2023 18:47:01;Kachere;kachere;WhatsApp Image 2023-10-20 at 14.52.05_bf7aa762.jpg;5;20.10.2023;14:52:00;;;;;;;
10.20.2023 18:48:09;Ndirande;ndirande;WhatsApp Image 2023-10-20 at 13.53.03_88fb4023.jpg;0;20.10.2023;13:53:00;1;;;;;;
10.20.2023 18:48:40;Ndirande;ndirande;WhatsApp Image 2023-10-20 at 13.53.04_2d535ccb.jpg;5;20.10.2023;13:53:00;2;;;;;;
10.20.2023 18:49:16;Blantyre;blantyre produce market;WhatsApp Image 2023-10-20 at 15.41.40_722127f9.jpg;5;20.10.2023;15:41:00;;;;;;;
10.20.2023 18:50:40;South Lunzu;south lunzu;WhatsApp Image 2023-10-20 at 08.20.33_43bb8a8c.jpg;4;20.10.2023;08:20:00;;;;;;;
10.20.2023 18:51:19;South Lunzu;south lunzu;WhatsApp Image 2023-10-20 at 18.50.30_0afd8208.jpg;4;20.10.2023;17:04:00;;;;;;;
10.21.2023 18:58:15;Nthukwa;nthukwa;WhatsApp Image 2023-10-21 at 05.45.35_6c7c0185.jpg;5;21.10.2023;05:45:00;;;;;;;
10.21.2023 19:00:38;Zingwangwa mosque;zingwangwa mosque;WhatsApp Image 2023-10-21 at 09.17.40_0794daec.jpg;5;21.10.2023;09:17:00;;;;;;;
10.21.2023 19:01:22;Manase;manase;WhatsApp Image 2023-10-21 at 09.56.44_9ce4d16e.jpg;5;21.10.2023;09:55:00;;;;;;;
10.21.2023 19:02:22;Chilomoni Fargo;chilomoni fargo;WhatsApp Image 2023-10-21 at 08.05.05_aab9975a.jpg;4;20.10.2023;17:00:00;;;;;;;
10.21.2023 19:04:06;Chilomoni Fargo;chilomoni fargo;WhatsApp Image 2023-10-21 at 08.52.21_c64d6e84.jpg;5;21.10.2023;08:52:00;;;;;;;
10.21.2023 19:05:00;South Lunzu;south lunzu;WhatsApp Image 2023-10-21 at 15.25.55_ce73993d.jpg;5;21.10.2023;15:25:00;;;;;;;
10.21.2023 19:05:44;Nkolokoti;nkolokoti;WhatsApp Image 2023-10-21 at 15.35.36_9245b4cb.jpg;4;21.10.2023;15:35:00;;;;;;;
10.21.2023 19:06:17;Kachere;kachere;WhatsApp Image 2023-10-21 at 07.09.32_b5491e0c.jpg;5;21.10.2023;07:09:00;;;;;;;
10.21.2023 19:06:49;Kachere;kachere;WhatsApp Image 2023-10-21 at 15.39.21_328815eb.jpg;5;21.10.2023;15:39:00;;;;;;;
10.22.2023 17:09:38;Nthukwa;nthukwa;WhatsApp Image 2023-10-22 at 05.12.51_d4fab5e7.jpg;5;22.10.2023;05:12:00;;;;;;;
10.22.2023 17:10:13;Manase;manase;WhatsApp Image 2023-10-22 at 09.37.56_48e3b437.jpg;5;22.10.2023;09:37:00;;;;;;;
10.22.2023 17:10:49;Zingwangwa mosque;zingwangwa mosque;WhatsApp Image 2023-10-22 at 11.38.57_8273f3cb.jpg;5;22.10.2023;11:38:00;;;;;;;
10.22.2023 17:12:00;Chilomoni Fargo;chilomoni fargo;WhatsApp Image 2023-10-22 at 09.10.11_50a74a7d.jpg;4;22.10.2023;09:10:00;;;;;;;
10.22.2023 17:12:54;Chilomoni Fargo;chilomoni fargo;WhatsApp Image 2023-10-22 at 16.44.13_3800188d.jpg;5;22.10.2023;16:44:00;;;;;;;
10.23.2023 18:00:49;Nthukwa;nthukwa;WhatsApp Image 2023-10-23 at 05.30.46_66e84849.jpg;5;23.10.2023;05:30:00;;;;;;;
10.23.2023 18:01:52;Chilomoni market;chilomoni market;WhatsApp Image 2023-10-23 at 08.23.26_646b4416.jpg;5;23.10.2023;08:23:00;;;;;;;
10.23.2023 18:03:14;Chilomoni Fargo;chilomoni fargo;WhatsApp Image 2023-10-23 at 09.49.42_9a40dc91.jpg;5;23.10.2023;09:49:00;;;;;;;
10.23.2023 18:04:10;Zingwangwa mosque;zingwangwa mosque;WhatsApp Image 2023-10-23 at 08.55.16_63cf8862.jpg;5;23.10.2023;08:55:00;;;;;;;
10.23.2023 18:05:11;Blantyre;blantyre produce market;WhatsApp Image 2023-10-23 at 10.32.49_48a9d725.jpg;5;23.10.2023;10:32:00;;;;;;;
10.23.2023 18:05:48;Ndirande;ndirande;WhatsApp Image 2023-10-23 at 11.53.53_cb02cb6e.jpg;5;23.10.2023;11:53:00;1;;;;;;
10.23.2023 18:06:27;Ndirande;ndirande;WhatsApp Image 2023-10-23 at 11.53.53_e0c8b3f0.jpg;1;23.10.2023;11:53:00;2;;;;;;
10.23.2023 18:07:18;South Lunzu;south lunzu;WhatsApp Image 2023-10-23 at 08.32.12_c79292f4.jpg;5;23.10.2023;08:32:00;;;;;;;
10.23.2023 18:07:57;South Lunzu;south lunzu;WhatsApp Image 2023-10-23 at 15.48.35_5c2cdfe0.jpg;5;23.10.2023;15:48:00;;;;;;;
10.23.2023 18:08:29;Kachere;kachere;WhatsApp Image 2023-10-23 at 07.52.48_f71e89a0.jpg;1;23.10.2023;07:52:00;;;;;;;
10.23.2023 18:09:08;Kachere;kachere;WhatsApp Image 2023-10-23 at 16.19.42_45b6988e.jpg;1;23.10.2023;16:19:00;;;;;;;
10.24.2023 8:35:28;Nkolokoti;nkolokoti;WhatsApp Image 2023-10-23 at 09.13.29_53dfc665.jpg;5;23.10.2023;09:13:00;;;;;;;
10.24.2023 22:10:09;Nthukwa;nthukwa;WhatsApp Image 2023-10-24 at 05.06.02_d207ae15.jpg;5;24.10.2023;05:06:00;;;;;;;
10.24.2023 22:11:00;Chilobwe police;chilobwe police;WhatsApp Image 2023-10-24 at 07.56.54_9af1007a.jpg;1;24.10.2023;07:56:00;;;;;;;
10.24.2023 22:11:46;Zingwangwa mosque;zingwangwa mosque;WhatsApp Image 2023-10-24 at 08.33.50_815a1aba.jpg;5;24.10.2023;08:33:00;;;;;;;
10.24.2023 22:12:37;Ndirande;ndirande;WhatsApp Image 2023-10-24 at 10.06.04_37ff5d8f.jpg;Ambiguous/not overflowing;24.10.2023;10:05:00;1;;;;;;
10.24.2023 22:13:10;Ndirande;ndirande;WhatsApp Image 2023-10-24 at 10.05.47_6b4b2d86.jpg;4;24.10.2023;10:05:00;2;;;;;;
10.24.2023 22:13:55;Kachere;kachere;WhatsApp Image 2023-10-24 at 16.45.32_baa4b38d.jpg;3;24.10.2023;10:00:00;;;;;;;
10.24.2023 22:14:25;Kachere;kachere;WhatsApp Image 2023-10-24 at 16.45.56_6d09430f.jpg;Ambiguous/not overflowing;24.10.2023;16:45:00;;;;;;;
10.24.2023 22:15:03;South Lunzu;south lunzu;WhatsApp Image 2023-10-24 at 08.50.19_54e1f227.jpg;5;24.10.2023;08:50:00;;;;;;;
10.24.2023 22:15:42;South Lunzu;south lunzu;WhatsApp Image 2023-10-24 at 15.58.17_4166b6ed.jpg;5;24.10.2023;15:58:00;;;;;;;
10.24.2023 22:16:40;Kamba/Soche market;kamba/soche market;WhatsApp Image 2023-10-24 at 08.52.29_4327cef0.jpg;5;23.10.2023;17:00:00;;;;;;;
10.24.2023 22:17:23;Kamba/Soche market;kamba/soche market;WhatsApp Image 2023-10-24 at 08.53.18_66117cca.jpg;Ambiguous/not overflowing;24.10.2023;08:53:00;;;;;;;
10.24.2023 22:17:58;Kamba/Soche market;kamba/soche market;WhatsApp Image 2023-10-24 at 17.25.15_ccf4480f.jpg;Ambiguous/not overflowing;24.10.2023;17:25:00;;;;;;;
10.24.2023 22:18:45;Chilomoni Fargo;chilomoni fargo;WhatsApp Image 2023-10-24 at 05.30.45_0f0b7969.jpg;5;24.10.2023;05:30:00;;;;;;;
10.24.2023 22:19:34;Chilomoni Fargo;chilomoni fargo;WhatsApp Image 2023-10-24 at 20.10.40_8be9ba83.jpg;5;24.10.2023;17:00:00;;;;;;;
10.25.2023 20:11:01;Nthukwa;nthukwa;WhatsApp Image 2023-10-25 at 05.14.55_a35e322b.jpg;5;25.10.2023;05:14:00;;;;;;;
10.25.2023 20:11:45;Chemusa;chemusa;WhatsApp Image 2023-10-25 at 07.37.40_600eedaa.jpg;5;25.10.2023;07:37:00;;;;;;;
10.25.2023 20:12:30;Blantyre;blantyre produce market;WhatsApp Image 2023-10-25 at 09.49.45_6b2ee0e4.jpg;5;25.10.2023;09:49:00;;;;;;;
10.25.2023 20:13:19;Chilomoni market;chilomoni market;WhatsApp Image 2023-10-25 at 09.56.04_c39419ba.jpg;5;25.10.2023;09:56:00;;;;;;;
10.25.2023 20:14:07;Zingwangwa mosque;zingwangwa mosque;WhatsApp Image 2023-10-25 at 08.53.39_6090a7f6.jpg;5;25.10.2023;08:53:00;;;;;;;
10.25.2023 20:15:08;Ndirande;ndirande;WhatsApp Image 2023-10-25 at 12.36.19_0b538429.jpg;4;25.10.2023;12:36:00;1;;;;;;
10.25.2023 20:15:48;Ndirande;ndirande;WhatsApp Image 2023-10-25 at 12.36.18_1ede6b4e.jpg;5;25.10.2023;12:36:00;2;;;;;;
10.25.2023 20:16:38;Kachere;kachere;WhatsApp Image 2023-10-25 at 08.02.36_6afa437c.jpg;Ambiguous/not overflowing;25.10.2023;08:02:00;;;;;;;
10.25.2023 20:17:36;Kachere;kachere;WhatsApp Image 2023-10-25 at 16.43.41_b00f7fbd.jpg;2;25.10.2023;16:43:00;;;;;;;
10.25.2023 20:18:16;South Lunzu;south lunzu;WhatsApp Image 2023-10-25 at 08.10.39_17190ab6.jpg;5;25.10.2023;08:10:00;;;;;;;
10.25.2023 20:19:09;South Lunzu;south lunzu;WhatsApp Image 2023-10-25 at 20.18.25_7974a6e7.jpg;5;25.10.2023;18:10:00;;;;;;;
10.26.2023 21:30:02;Nthukwa;nthukwa;WhatsApp Image 2023-10-26 at 05.08.55_7bc81f13.jpg;5;26.10.2023;05:08:00;;;;;;;
10.26.2023 21:31:26;Namwalimwe;namwalimwe;WhatsApp Image 2023-10-26 at 07.49.30_f535567a.jpg;4;26.10.2023;07:49:00;;;;;;;
10.26.2023 21:32:01;Chilomoni market;chilomoni market;WhatsApp Image 2023-10-26 at 08.58.35_00fd2c9c.jpg;5;26.10.2023;08:58:00;;;;;;;
10.26.2023 21:32:57;Ndirande;ndirande;WhatsApp Image 2023-10-26 at 08.30.06_d281f63e.jpg;5;26.10.2023;08:30:00;1;;;;;;
10.26.2023 21:33:31;Ndirande;ndirande;WhatsApp Image 2023-10-26 at 08.30.06_e9fac1b5.jpg;5;26.10.2023;08:30:00;2;;;;;;
10.26.2023 21:35:46;Blantyre;blantyre produce market;WhatsApp Image 2023-10-26 at 15.24.20_b4c24b2e.jpg;1;26.10.2023;15:24:00;;;;;;;
10.26.2023 21:37:07;Chemusa;chemusa;WhatsApp Image 2023-10-26 at 12.07.26_aa93dea2.jpg;5;26.10.2023;12:07:00;;;;;;;
10.26.2023 21:37:48;Chemusa;chemusa;WhatsApp Image 2023-10-26 at 17.15.38_94e054fe.jpg;2;26.10.2023;17:15:00;;;;;;;
10.26.2023 21:38:48;Kachere;kachere;WhatsApp Image 2023-10-26 at 08.02.28_8b434cf4.jpg;3;26.10.2023;08:02:00;;;;;;;
10.26.2023 21:39:23;Kachere;kachere;WhatsApp Image 2023-10-26 at 17.52.00_8598caa2.jpg;3;26.10.2023;17:52:00;;;;;;;
10.26.2023 21:40:32;Chilomoni Fargo;chilomoni fargo;WhatsApp Image 2023-10-26 at 05.07.54_f101af86.jpg;Ambiguous/not overflowing;25.10.2023;17:00:00;;;;;;;
10.26.2023 21:41:29;Chilomoni Fargo;chilomoni fargo;WhatsApp Image 2023-10-26 at 07.56.30_e111b0a8.jpg;1;26.10.2023;07:56:00;;;;;;;
10.26.2023 21:42:46;Chilomoni Fargo;chilomoni fargo;WhatsApp Image 2023-10-26 at 20.32.50_1c85543f.jpg;Ambiguous/not overflowing;26.10.2023;17:00:00;;;;;;;
10.26.2023 21:44:01;South Lunzu;south lunzu;WhatsApp Image 2023-10-26 at 08.02.25_06246473.jpg;5;26.10.2023;08:02:00;;;;;;;
10.26.2023 21:44:37;South Lunzu;south lunzu;WhatsApp Image 2023-10-26 at 21.44.05_0ae58ffd.jpg;0;26.10.2023;17:46:00;;;;;;;
10.27.2023 17:02:27;Nkolokoti;nkolokoti;WhatsApp Image 2023-10-27 at 05.07.05_2c5fca8b.jpg;0;27.10.2023;05:07:00;;;;;;;
10.27.2023 17:02:59;Nthukwa;nthukwa;WhatsApp Image 2023-10-27 at 06.47.01_0fab30e2.jpg;5;27.10.2023;06:47:00;;;;;;;
10.27.2023 17:05:12;Kamba/Soche market;kamba/soche market;WhatsApp Image 2023-10-27 at 08.00.58_69c0b015.jpg;Ambiguous/not overflowing;26.10.2023;17:00:00;;;;;;;
10.27.2023 17:14:41;Kamba/Soche market;kamba/soche market;WhatsApp Image 2023-10-27 at 08.03.22_aec801df.jpg;Ambiguous/not overflowing;27.10.2023;08:03:00;;;;;;;
10.27.2023 17:18:48;Ndirande;ndirande;WhatsApp Image 2023-10-27 at 10.33.43_308da838.jpg;3;27.10.2023;10:33:00;1;;;;;;
10.27.2023 17:21:42;Ndirande;ndirande;WhatsApp Image 2023-10-27 at 10.31.51_99677ffa.jpg;5;27.10.2023;10:31:00;2;;;;;;
10.27.2023 17:22:21;Kachere;kachere;WhatsApp Image 2023-10-27 at 09.27.22_9a7d0b16.jpg;3;27.10.2023;09:27:00;;;;;;;
10.27.2023 17:23:02;Chilomoni market;chilomoni market;WhatsApp Image 2023-10-27 at 09.15.01_91ceb60a.jpg;5;27.10.2023;09:15:00;;;;;;;
10.27.2023 17:24:04;Chilomoni Fargo;chilomoni fargo;WhatsApp Image 2023-10-27 at 09.01.49_c9926c33.jpg;Ambiguous/not overflowing;27.10.2023;09:01:00;;;;;;;
10.27.2023 17:25:16;South Lunzu;south lunzu;WhatsApp Image 2023-10-27 at 08.44.16_d7a83dd7.jpg;0;27.10.2023;08:44:00;;;;;;;
10.28.2023 17:27:39;Nthukwa;nthukwa;WhatsApp Image 2023-10-28 at 05.24.28_51157625.jpg;Ambiguous/not overflowing;28.10.2023;05:24:00;;;;;;;
10.28.2023 17:28:50;Chilobwe police;chilobwe police;WhatsApp Image 2023-10-28 at 08.39.50_91ebc3e6.jpg;3;28.10.2023;08:39:00;;;;;;;
10.28.2023 17:30:32;Chilomoni Fargo;chilomoni fargo;WhatsApp Image 2023-10-28 at 09.52.36_a96f5522.jpg;Ambiguous/not overflowing;28.10.2023;09:52:00;;;;;;;
10.28.2023 17:31:03;Zingwangwa;zingwangwa/thawale;WhatsApp Image 2023-10-28 at 11.00.44_2311b725.jpg;3;28.10.2023;11:00:00;;;;;;;
10.28.2023 17:31:38;Blantyre;blantyre produce market;WhatsApp Image 2023-10-28 at 14.52.40_8b4be963.jpg;3;28.10.2023;14:52:00;;;;;;;
10.28.2023 17:32:13;Chemusa;chemusa;WhatsApp Image 2023-10-28 at 16.03.13_2305b214.jpg;3;28.10.2023;16:03:00;;;;;;;
10.28.2023 17:32:52;South Lunzu;south lunzu;WhatsApp Image 2023-10-28 at 08.20.14_bdc665e8.jpg;3;28.10.2023;08:20:00;;;;;;;
10.28.2023 17:33:40;South Lunzu;south lunzu;WhatsApp Image 2023-10-28 at 16.49.24_097606f8.jpg;3;28.10.2023;16:49:00;;;;;;;
10.28.2023 17:34:18;Kachere;kachere;WhatsApp Image 2023-10-28 at 08.33.28_c99d80c4.jpg;5;28.10.2023;08:33:00;;;;;;;
10.28.2023 17:34:50;Kachere;kachere;WhatsApp Image 2023-10-28 at 16.14.26_4f927a49.jpg;5;28.10.2023;16:14:00;;;;;;;
10.29.2023 5:43:24;Chilomoni Fargo;chilomoni fargo;WhatsApp Image 2023-10-28 at 20.15.12_4b010dc9.jpg;Ambiguous/not overflowing;28.10.2023;17:00:00;;;;;;;
10.29.2023 16:42:21;Nthukwa;nthukwa;WhatsApp Image 2023-10-29 at 05.31.40_25b5c8b5.jpg;Ambiguous/not overflowing;29.10.2023;05:31:00;;;;;;;
10.29.2023 16:43:06;Chilomoni Fargo;chilomoni fargo;WhatsApp Image 2023-10-29 at 06.32.06_d395cf83.jpg;Ambiguous/not overflowing;29.10.2023;06:32:00;;;;;;;
10.29.2023 16:43:51;Namwalimwe;namwalimwe;WhatsApp Image 2023-10-29 at 09.42.23_7900638a.jpg;4;28.10.2023;09:42:00;;;;;;;
10.29.2023 16:44:27;Namwalimwe;namwalimwe;WhatsApp Image 2023-10-29 at 09.42.24_71acda3c.jpg;4;28.10.2023;17:00:00;;;;;;;
10.29.2023 16:45:08;Namwalimwe;namwalimwe;WhatsApp Image 2023-10-29 at 09.45.01_c499c453.jpg;4;29.10.2023;09:45:00;;;;;;;
10.29.2023 16:45:52;Zingwangwa mosque;zingwangwa mosque;WhatsApp Image 2023-10-29 at 10.46.24_1dc363d3.jpg;5;29.10.2023;10:46:00;;;;;;;
10.30.2023 17:42:03;Nthukwa;nthukwa;WhatsApp Image 2023-10-30 at 04.54.44_27ea0c0c.jpg;Ambiguous/not overflowing;30.10.2023;04:54:00;;;;;;;
10.30.2023 17:42:48;Namwalimwe;namwalimwe;WhatsApp Image 2023-10-30 at 07.27.39_49128d2f.jpg;0;30.10.2023;07:27:00;;;;;;;
10.30.2023 17:43:32;Chilobwe police;chilobwe police;WhatsApp Image 2023-10-30 at 08.29.39_04904eaa.jpg;3;30.10.2023;08:29:00;;;;;;;
10.30.2023 17:44:02;Chilomoni market;chilomoni market;WhatsApp Image 2023-10-30 at 08.47.25_6efc9ea9.jpg;5;30.10.2023;08:47:00;;;;;;;
10.30.2023 17:44:32;Mibawa;mibawa;WhatsApp Image 2023-10-30 at 09.18.35_6403e857.jpg;Ambiguous/not overflowing;30.10.2023;09:18:00;1;;;;;;
10.30.2023 17:45:24;Mibawa;mibawa;WhatsApp Image 2023-10-30 at 09.18.35_dde291aa.jpg;4;30.10.2023;09:18:00;2;;;;;;
10.30.2023 17:46:35;Blantyre;blantyre produce market;WhatsApp Image 2023-10-30 at 09.33.37_a98b0d95.jpg;5;30.10.2023;09:33:00;;;;;;;
10.30.2023 17:47:10;Ndirande;ndirande;WhatsApp Image 2023-10-30 at 10.05.33_81379cb3.jpg;5;30.10.2023;10:05:00;1;;;;;;
10.30.2023 17:47:50;Ndirande;ndirande;WhatsApp Image 2023-10-30 at 10.05.33_c847cc39.jpg;3;30.10.2023;10:05:00;2;;;;;;
10.30.2023 17:48:41;Zingwangwa;zingwangwa/thawale;WhatsApp Image 2023-10-30 at 12.12.38_b4d4d38e.jpg;4;30.10.2023;12:12:00;;;;;;;
10.30.2023 17:49:22;Pafumbi bus;pafumbi bus;WhatsApp Image 2023-10-30 at 10.19.29_89535e88.jpg;Ambiguous/not overflowing;30.10.2023;10:19:00;;;;;;;
10.30.2023 17:49:51;Limbe flea market;limbe flea market;WhatsApp Image 2023-10-30 at 09.55.15_777556e7.jpg;5;30.10.2023;09:55:00;;;;;;;
10.30.2023 17:50:22;Limbe produce market;limbe produce market;WhatsApp Image 2023-10-30 at 10.03.43_901701e0.jpg;5;30.10.2023;10:03:00;1;;;;;;
10.30.2023 17:50:58;Limbe produce market;limbe produce market;WhatsApp Image 2023-10-30 at 10.03.43_0d4a8900.jpg;5;30.10.2023;10:03:00;2;;;;;;
10.30.2023 17:51:42;ITG;ITG;WhatsApp Image 2023-10-30 at 14.53.54_b008e230.jpg;Ambiguous/not overflowing;30.10.2023;14:53:00;1;;;;;;
10.30.2023 17:52:15;ITG;ITG;WhatsApp Image 2023-10-30 at 14.53.54_88768bc0.jpg;Ambiguous/not overflowing;30.10.2023;14:53:00;2;;;;;;
10.30.2023 17:52:48;Kachere;kachere;WhatsApp Image 2023-10-30 at 09.31.26_c148d60d.jpg;1;30.10.2023;09:31:00;;;;;;;
10.30.2023 17:53:21;Kachere;kachere;WhatsApp Image 2023-10-30 at 16.30.56_2df90939.jpg;1;30.10.2023;16:30:00;;;;;;;
10.30.2023 17:54:22;Chilomoni Fargo;chilomoni fargo;WhatsApp Image 2023-10-30 at 08.14.22_6aec8358.jpg;Ambiguous/not overflowing;30.10.2023;08:14:00;;;;;;;
10.30.2023 17:54:59;Chilomoni Fargo;chilomoni fargo;WhatsApp Image 2023-10-30 at 08.23.29_366d743f.jpg;Ambiguous/not overflowing;29.10.2023;17:00:00;;;;;;;
10.30.2023 17:55:49;Chilomoni Fargo;chilomoni fargo;WhatsApp Image 2023-10-30 at 16.35.59_115bcbd0.jpg;Ambiguous/not overflowing;30.10.2023;16:36:00;;;;;;;
10.30.2023 17:56:19;Chemusa;chemusa;WhatsApp Image 2023-10-30 at 16.16.20_9cf7a9d4.jpg;5;30.10.2023;16:16:00;;;;;;;
10.30.2023 17:57:23;Zingwangwa mosque;zingwangwa mosque;WhatsApp Image 2023-10-30 at 08.41.11_9007d630.jpg;5;30.10.2023;08:41:00;;;;;;;
10.30.2023 17:57:52;Kachere;kachere;WhatsApp Image 2023-10-30 at 08.00.14_61299fb5.jpg;4;30.10.2023;08:00:00;;;;;;;
10.30.2023 17:58:37;Kachere;kachere;WhatsApp Image 2023-10-30 at 18.58.06_f36d3248.jpg;4;30.10.2023;17:13:00;;;;;;;
10.31.2023 17:23:09;Nthukwa;nthukwa;WhatsApp Image 2023-10-31 at 05.32.37_cc992675.jpg;Ambiguous/not overflowing;31.10.2023;05:32:00;;;;;;;
10.31.2023 17:24:03;Mibawa;mibawa;WhatsApp Image 2023-10-31 at 07.43.13_4b8c2177.jpg;Ambiguous/not overflowing;31.10.2023;07:43:00;1;;;;;;
10.31.2023 17:24:39;Mibawa;mibawa;WhatsApp Image 2023-10-31 at 07.43.13_7fb1ed31.jpg;5;31.10.2023;07:43:00;2;;;;;;
10.31.2023 17:26:29;Chilobwe police;chilobwe police;WhatsApp Image 2023-10-31 at 08.43.01_9af05326.jpg;3;31.10.2023;05:00:00;;;;;;;
10.31.2023 17:27:08;Chilomoni market;chilomoni market;WhatsApp Image 2023-10-31 at 09.29.53_ecce780e.jpg;5;31.10.2023;09:29:00;;;;;;;
10.31.2023 17:27:41;Kachere;kachere;WhatsApp Image 2023-10-31 at 10.13.03_55ae4933.jpg;2;31.10.2023;10:13:00;;;;;;;
10.31.2023 17:28:14;Blantyre;blantyre produce market;WhatsApp Image 2023-10-31 at 10.25.18_6d7b22f5.jpg;2;31.10.2023;10:25:00;;;;;;;
10.31.2023 17:28:50;Limbe flea market;limbe flea market;WhatsApp Image 2023-10-31 at 13.17.04_acf1b98c.jpg;5;31.10.2023;13:17:00;;;;;;;
10.31.2023 17:29:23;Pafumbi bus;pafumbi bus;WhatsApp Image 2023-10-31 at 13.17.57_9bcce084.jpg;4;31.10.2023;13:17:00;;;;;;;
10.31.2023 17:30:07;ITG;ITG;WhatsApp Image 2023-10-31 at 13.18.33_3495f68f.jpg;Ambiguous/not overflowing;31.10.2023;13:18:00;1;;;;;;
10.31.2023 17:30:53;ITG;ITG;WhatsApp Image 2023-10-31 at 13.18.33_2786077f.jpg;4;31.10.2023;13:18:00;2;;;;;;
10.31.2023 17:31:41;Limbe flea market;limbe flea market;WhatsApp Image 2023-10-31 at 13.19.39_2d730432.jpg;4;31.10.2023;13:19:00;1;;;;;;
10.31.2023 17:32:14;Limbe flea market;limbe flea market;WhatsApp Image 2023-10-31 at 13.19.39_61994995.jpg;5;31.10.2023;13:19:00;2;;;;;;
10.31.2023 17:32:50;Zingwangwa;zingwangwa/thawale;WhatsApp Image 2023-10-31 at 13.15.30_dc641f9d.jpg;5;31.10.2023;13:15:00;;;;;;;
10.31.2023 17:33:36;South Lunzu;south lunzu;WhatsApp Image 2023-10-31 at 09.19.22_4e3ca374.jpg;5;31.10.2023;09:19:00;;;;;;;
10.31.2023 17:34:10;South Lunzu;south lunzu;WhatsApp Image 2023-10-31 at 16.04.17_c88a9951.jpg;5;31.10.2023;16:04:00;;;;;;;
10.31.2023 17:35:05;Chemusa;chemusa;WhatsApp Image 2023-10-31 at 16.26.52_11ce05b5.jpg;5;31.10.2023;16:26:00;;;;;;;
10.31.2023 17:36:49;Chilomoni Fargo;chilomoni fargo;WhatsApp Image 2023-10-31 at 07.16.29_38c83b85.jpg;Ambiguous/not overflowing;31.10.2023;07:16:00;;;;;;;
10.31.2023 17:37:49;Chilomoni Fargo;chilomoni fargo;WhatsApp Image 2023-10-31 at 18.16.17_136c2ebf.jpg;Ambiguous/not overflowing;31.10.2023;18:16:00;;;;;;;
10.31.2023 17:55:36;Kachere;kachere;WhatsApp Image 2023-10-31 at 18.48.42_f8f70400.jpg;2;31.10.2023;18:46:00;;;;;;;
11.01.2023 21:02;Nthukwa;nthukwa;WhatsApp Image 2023-11-01 at 05.47.31_052e2937.jpg;2;01.11.2023;06:31:00;;;;;;;
11.01.2023 21:03;Chilobwe police;chilobwe police;;4;01.11.2023;08:45:00;;;;;;;
11.01.2023 21:04;Chilomoni Fargo;chilomoni fargo;WhatsApp Image 2023-11-01 at 09.34.06_a53caec8.jpg;Ambiguous/not overflowing;01.11.2023;09:34:00;;;;;;;
11.01.2023 21:05;Chemusa;chemusa;WhatsApp Image 2023-11-01 at 12.31.12_510efaa0.jpg;3;01.11.2023;12:31:00;;;;;;;
11.01.2023 21:06;Chilomoni market;chilomoni market;WhatsApp Image 2023-11-01 at 14.00.31_0df37954.jpg;5;01.11.2023;14:00:00;;;;;;;
11.01.2023 21:06;South Lunzu;south lunzu;WhatsApp Image 2023-11-01 at 10.34.52_370fb890.jpg;5;01.11.2023;10:34:00;;;;;;;
11.01.2023 21:07;South Lunzu;south lunzu;WhatsApp Image 2023-11-01 at 14.56.47_2c468845.jpg;5;01.11.2023;14:56:00;;;;;;;
11.01.2023 21:07;Blantyre;blantyre produce market;WhatsApp Image 2023-11-01 at 15.04.29_2e9d2426.jpg;3;01.11.2023;15:04:00;;;;;;;
11.01.2023 21:08;Kachere;kachere;WhatsApp Image 2023-11-01 at 11.33.19_4d6b3892.jpg;2;01.11.2023;11:33:00;;;;;;;
11.01.2023 21:08;Kachere;kachere;WhatsApp Image 2023-11-01 at 16.58.35_a01f3558.jpg;2;01.11.2023;16:58:00;;;;;;;
11.01.2023 21:09;Mibawa;mibawa;WhatsApp Image 2023-11-01 at 09.26.59_3fbafc5f.jpg;Ambiguous/not overflowing;01.11.2023;09:26:00;1;;;;;;
11.01.2023 21:09;Mibawa;mibawa;WhatsApp Image 2023-11-01 at 09.26.59_ff7546cf.jpg;5;01.11.2023;09:26:00;2;;;;;;
11.01.2023 21:10;Mibawa;mibawa;WhatsApp Image 2023-11-01 at 17.13.43_bed77919.jpg;Ambiguous/not overflowing;01.11.2023;17:13:00;1;;;;;;
11.01.2023 21:11;Mibawa;mibawa;WhatsApp Image 2023-11-01 at 17.13.43_838157fb.jpg;Ambiguous/not overflowing;01.11.2023;17:13:00;2;;;;;;
11.01.2023 21:12;Namwalimwe;namwalimwe;WhatsApp Image 2023-11-01 at 17.34.31_89510fd3.jpg;1;31.10.2023;17:00:00;;;;;;;
11.01.2023 21:12;Namwalimwe;namwalimwe;WhatsApp Image 2023-11-01 at 18.21.55_eef11825.jpg;2;01.11.2023;18:21:00;;;;;;;
11.01.2023 21:13;ITG;ITG;WhatsApp Image 2023-11-01 at 15.54.46_fde238f0.jpg;Ambiguous/not overflowing;01.11.2023;15:54:00;1;;;;;;
11.01.2023 21:14;ITG;ITG;WhatsApp Image 2023-11-01 at 15.54.46_5249840f.jpg;5;01.11.2023;15:54:00;2;;;;;;
11.01.2023 21:15;Limbe flea market;limbe flea market;WhatsApp Image 2023-11-01 at 15.55.46_a57dfe1f.jpg;5;01.11.2023;15:55:00;;;;;;;
11.01.2023 21:15;Pafumbi bus;pafumbi bus;WhatsApp Image 2023-11-01 at 15.56.04_cdf357f9.jpg;3;01.11.2023;15:56:00;;;;;;;
11.01.2023 21:16;Limbe produce market;limbe produce market;WhatsApp Image 2023-11-01 at 15.57.00_b3ecc5ae.jpg;4;01.11.2023;15:57:00;1;;;;;;
11.01.2023 21:16;Limbe produce market;limbe produce market;WhatsApp Image 2023-11-01 at 15.57.00_f15cc520.jpg;5;01.11.2023;15:57:00;2;;;;;;
11.02.2023 17:51;Nthukwa;nthukwa;WhatsApp Image 2023-11-02 at 05.30.29_1cf2020c.jpg;Ambiguous/not overflowing;02.11.2023;05:30:00;;;;;;;
11.02.2023 17:52;Chilobwe police;chilobwe police;WhatsApp Image 2023-11-02 at 08.48.52_05b28821.jpg;4;02.11.2023;08:48:00;;;;;;;
11.02.2023 17:53;Blantyre;blantyre produce market;WhatsApp Image 2023-11-02 at 09.01.12_77fa3bcf.jpg;3;02.11.2023;09:01:00;;;;;;;
11.02.2023 17:55;Chilomoni Fargo;chilomoni fargo;WhatsApp Image 2023-11-02 at 06.07.49_8f5a87b4.jpg;Ambiguous/not overflowing;01.11.2023;17:00:00;;;;;;;
11.02.2023 17:56;Chilomoni Fargo;chilomoni fargo;WhatsApp Image 2023-11-02 at 10.26.42_aa0c0c1b.jpg;4;02.11.2023;10:26:00;;;;;;;
11.02.2023 17:59;Chemusa;chemusa;WhatsApp Image 2023-11-02 at 11.00.42_fbcca34f.jpg;3;02.11.2023;11:00:00;;;;;;;
11.02.2023 18:00;Zingwangwa;zingwangwa/thawale;WhatsApp Image 2023-11-02 at 11.21.15_0e2ce369.jpg;Ambiguous/not overflowing;02.11.2023;11:21:00;;;;;;;
11.02.2023 18:01;Nkolokoti;nkolokoti;WhatsApp Image 2023-11-02 at 11.59.57_bb7f0092.jpg;5;02.11.2023;11:59:00;;;;;;;
11.02.2023 18:01;Chilomoni market;chilomoni market;WhatsApp Image 2023-11-02 at 09.28.00_c39a5832.jpg;5;02.11.2023;09:28:00;;;;;;;
11.02.2023 18:02;Ndirande;ndirande;WhatsApp Image 2023-11-02 at 13.21.59_347aff99.jpg;Ambiguous/not overflowing;02.11.2023;13:21:00;1;;;;;;
11.02.2023 18:03;Ndirande;ndirande;WhatsApp Image 2023-11-02 at 13.21.02_be426bb9.jpg;Ambiguous/not overflowing;02.11.2023;13:21:00;2;;;;;;
11.02.2023 18:03;Mibawa;mibawa;WhatsApp Image 2023-11-02 at 07.43.33_3f915d5b.jpg;Ambiguous/not overflowing;02.11.2023;07:43:00;1;;;;;;
11.02.2023 18:04;Mibawa;mibawa;WhatsApp Image 2023-11-02 at 07.43.33_7f7b22cd.jpg;Ambiguous/not overflowing;02.11.2023;07:43:00;2;;;;;;
11.02.2023 18:05;Mibawa;mibawa;WhatsApp Image 2023-11-02 at 16.58.43_e9883096.jpg;4;02.11.2023;16:58:00;1;;;;;;
11.02.2023 18:06;Mibawa;mibawa;WhatsApp Image 2023-11-02 at 16.58.43_22b0e20a.jpg;Ambiguous/not overflowing;02.11.2023;16:58:00;2;;;;;;
11.02.2023 18:07;South Lunzu;south lunzu;WhatsApp Image 2023-11-02 at 08.49.49_a20b8675.jpg;5;02.11.2023;08:49:00;;;;;;;
11.02.2023 18:07;South Lunzu;south lunzu;WhatsApp Image 2023-11-02 at 17.32.43_f01fcd91.jpg;5;02.11.2023;17:32:00;;;;;;;
11.02.2023 18:08;Kachere;kachere;WhatsApp Image 2023-11-02 at 10.18.46_1ff1fda0.jpg;2;02.11.2023;10:18:00;;;;;;;
11.02.2023 18:08;Kachere;kachere;WhatsApp Image 2023-11-02 at 16.27.05_c351a930.jpg;2;02.11.2023;16:27:00;;;;;;;
11.04.2023 17:12;Nthukwa;nthukwa;WhatsApp Image 2023-11-04 at 18.11.20_28d26287.jpg;2;03.11.2023;12:07:00;;;;;;;
11.04.2023 17:12;Chilomoni market;chilomoni market;WhatsApp Image 2023-11-03 at 09.19.41_329f4519.jpg;2;03.11.2023;09:19:00;;;;;;;
11.04.2023 17:13;Zingwangwa;zingwangwa/thawale;WhatsApp Image 2023-11-03 at 10.44.36_d6811e01.jpg;Ambiguous/not overflowing;03.11.2023;10:44:00;;;;;;;
11.04.2023 17:14;Ndirande;ndirande;WhatsApp Image 2023-11-03 at 10.59.49_3ac4f4eb.jpg;4;03.11.2023;10:59:00;1;;;;;;
11.04.2023 17:14;Ndirande;ndirande;WhatsApp Image 2023-11-03 at 10.59.50_c701f287.jpg;Ambiguous/not overflowing;03.11.2023;10:59:00;;;;;;;
11.04.2023 17:16;Nkolokoti;nkolokoti;WhatsApp Image 2023-11-03 at 13.36.51_ec49aad8.jpg;Ambiguous/not overflowing;03.11.2023;13:36:00;;;;;;;
11.04.2023 17:17;Namwalimwe;namwalimwe;WhatsApp Image 2023-11-03 at 17.56.10_5e8062a5.jpg;2;02.11.2023;17:00:00;;;;;;;
11.04.2023 17:18;Namwalimwe;namwalimwe;WhatsApp Image 2023-11-03 at 17.58.12_551c96c3.jpg;2;03.11.2023;17:00:00;;;;;;;
11.04.2023 17:21;Chilobwe police;chilobwe police;WhatsApp Image 2023-11-04 at 18.19.10_f357d3ed.jpg;4;03.11.2023;09:12:00;;;;;;;
11.04.2023 17:21;Chilobwe police;chilobwe police;WhatsApp Image 2023-11-04 at 08.48.16_e736e5a4.jpg;4;04.11.2023;08:48:00;;;;;;;
11.04.2023 17:22;South Lunzu;south lunzu;WhatsApp Image 2023-11-03 at 08.29.58_9b87d073.jpg;5;03.11.2023;08:29:00;;;;;;;
11.04.2023 17:24;South Lunzu;south lunzu;WhatsApp Image 2023-11-03 at 15.01.00_e6f7c624.jpg;0;03.11.2023;15:01:00;;;;;;;
11.04.2023 17:25;South Lunzu;south lunzu;WhatsApp Image 2023-11-04 at 09.10.44_9d73c216.jpg;3;04.11.2023;09:10:00;;;;;;;
11.04.2023 17:25;Chemusa;chemusa;WhatsApp Image 2023-11-04 at 10.42.18_9deae8c3.jpg;5;04.11.2023;10:42:00;;;;;;;
11.04.2023 17:27;Pafumbi bus;pafumbi bus;WhatsApp Image 2023-11-03 at 08.46.53_817ff60f.jpg;5;03.11.2023;08:46:00;;;;;;;
11.04.2023 17:27;ITG;ITG;WhatsApp Image 2023-11-03 at 08.47.11_bb69ddb4.jpg;Ambiguous/not overflowing;03.11.2023;08:47:00;1;;;;;;
11.04.2023 17:29;ITG;ITG;WhatsApp Image 2023-11-03 at 08.47.11_10ef0deb.jpg;Ambiguous/not overflowing;03.11.2023;08:47:00;2;;;;;;
11.04.2023 17:31;Limbe flea market;limbe flea market;WhatsApp Image 2023-11-03 at 08.47.29_86259050.jpg;5;03.11.2023;08:47:00;;;;;;;
11.04.2023 17:32;Limbe produce market;limbe produce market;WhatsApp Image 2023-11-03 at 08.48.06_e2075591.jpg;5;03.11.2023;08:48:00;1;;;;;;
11.04.2023 17:32;Limbe produce market;limbe produce market;WhatsApp Image 2023-11-03 at 08.48.06_b2b02715.jpg;5;03.11.2023;08:48:00;2;;;;;;
11.04.2023 17:33;Limbe flea market;limbe flea market;WhatsApp Image 2023-11-04 at 11.56.53_9e3ec154.jpg;Ambiguous/not overflowing;04.11.2023;11:56:00;;;;;;;
11.04.2023 17:34;Limbe produce market;limbe produce market;WhatsApp Image 2023-11-04 at 11.57.19_51276848.jpg;5;04.11.2023;11:57:00;1;;;;;;
11.04.2023 17:35;Limbe produce market;limbe produce market;WhatsApp Image 2023-11-04 at 11.57.19_df810100.jpg;Ambiguous/not overflowing;04.11.2023;11:57:00;2;;;;;;
11.04.2023 17:35;Pafumbi bus;pafumbi bus;WhatsApp Image 2023-11-04 at 11.57.32_96c88f15.jpg;5;04.11.2023;11:57:00;;;;;;;
11.04.2023 17:38;Chilomoni Fargo;chilomoni fargo;WhatsApp Image 2023-11-03 at 08.21.00_f06df647.jpg;4;03.11.2023;08:21:00;;;;;;;
11.04.2023 17:39;Chilomoni Fargo;chilomoni fargo;WhatsApp Image 2023-11-04 at 13.44.07_f641c712.jpg;5;04.11.2023;10:00:00;;;;;;;
11.04.2023 17:40;Mibawa;mibawa;WhatsApp Image 2023-11-03 at 17.40.29_73a48e68.jpg;5;03.11.2023;17:40:00;1;;;;;;
11.04.2023 17:40;Mibawa;mibawa;WhatsApp Image 2023-11-03 at 17.40.29_9f83201f.jpg;Ambiguous/not overflowing;03.11.2023;17:40:00;2;;;;;;
11.04.2023 17:41;Mibawa;mibawa;WhatsApp Image 2023-11-04 at 12.44.19_256ec7f2.jpg;5;04.11.2023;12:44:00;1;;;;;;
11.04.2023 17:42;Mibawa;mibawa;WhatsApp Image 2023-11-04 at 12.44.19_46f60e65.jpg;Ambiguous/not overflowing;04.11.2023;12:44:00;2;;;;;;
11.04.2023 17:43;Kachere;kachere;WhatsApp Image 2023-11-03 at 07.41.34_96306da3.jpg;3;03.11.2023;07:41:00;;;;;;;
11.04.2023 17:44;Kachere;kachere;WhatsApp Image 2023-11-03 at 16.51.23_9d2dc4f7.jpg;3;03.11.2023;16:51:00;;;;;;;
11.04.2023 17:45;Kachere;kachere;WhatsApp Image 2023-11-04 at 09.50.33_868c1f57.jpg;4;04.11.2023;09:50:00;;;;;;;
11.04.2023 17:45;Kachere;kachere;WhatsApp Image 2023-11-04 at 16.50.36_10420ebb.jpg;3;04.11.2023;16:50:00;;;;;;;
11.04.2023 17:46;Blantyre;blantyre produce market;WhatsApp Image 2023-11-03 at 10.09.34_9e6dc0cc.jpg;3;03.11.2023;10:09:00;;;;;;;
11.04.2023 17:47;Blantyre;blantyre produce market;WhatsApp Image 2023-11-04 at 16.30.11_7e15fc4e.jpg;3;04.11.2023;16:30:00;;;;;;;
